YawAngle,WindSpeed,BldPitch1_diff,BldPitch1_pct_diff,RtTSR_diff,RtTSR_pct_diff,GenPwr_diff,GenPwr_pct_diff,RtAeroCp_diff,RtAeroCp_pct_diff,RtAeroCt_diff,RtAeroCt_pct_diff,B1RootMyr_diff,B1RootMyr_pct_diff,RotSpeed_diff,RotSpeed_pct_diff,RotTorq_diff,RotTorq_pct_diff,RtAeroFxh_diff,RtAeroFxh_pct_diff,YawBrMzp_diff,YawBrMzp_pct_diff,TwrBsMyt_diff,TwrBsMyt_pct_diff
-30,4,0.0,,0.03599314334690007,0.2636499981139183,12.14355546032425,13.270146648528128,0.04072549817870147,12.994577920983561,-0.0015843868295122299,-0.1520291258829037,270.40925648156554,0.014525690732844881,0.01869059352903335,0.26506797649907865,16.95414613241914,12.943254319366417,-124.05185343904304,-0.13443607682392253,748.4201254133991,2594.3035713974577,-265.93986143846905,-4.013306405960589
-20,4,0.0,,0.010718406276438941,0.08441333639849315,4.04823475117297,3.058428062428969,0.010890893008230096,3.0237027932229226,-0.0019884085839547705,-0.19713564492291796,-7135.14345050347,-0.3473779413883629,0.006129836166447689,0.08616509235586232,5.545950311514474,2.950518118378442,-198.32320590726158,-0.18869266659975198,489.8957314910392,3380.140346488036,-220.83147450196157,-2.660979712257583
-15,4,0.0,,0.003378201676794035,0.02725542522279805,1.2844396584877984,0.8656530696392656,0.00342187524036619,0.9148293688938488,-0.0018834474271208768,-0.18882941019045793,-8780.093838935718,-0.4147479954482842,0.0019539266210291117,0.027371578722364447,1.746204138143213,0.8310997904751649,-201.34605030382227,-0.183328257028499,361.7319461756865,4243.607048121326,-204.4262749019308,-2.2787161384865806
-10,4,0.0,,-0.0009199233397243489,-0.007544879217371805,-0.5493458878426623,-0.34180452277784107,-0.001006366136155401,-0.26241127617153925,-0.001599608365969618,-0.1616165082361571,348.3876343634911,0.01629335426384243,-0.0008280976585304245,-0.011570122832051288,-0.7545204566285975,-0.3323409350403875,-184.13465544540668,-0.16264691252766353,235.00426098308475,12028.121663629618,-182.1512373968817,-1.921380550912046
-5,4,0.0,,-0.003402216481960707,-0.028178862830023577,-1.5212315640363272,-0.9034311509779057,-0.003156853595533804,-0.8109169654196032,-0.001129180901591642,-0.11465252656348937,2033.247229397297,0.09391610248750835,-0.002284059661696425,-0.03186070306744006,-2.0774435463711427,-0.8743707768518226,-135.52203983002983,-0.11757769985372825,107.33035135230396,3596.319805077151,-160.71777351887613,-1.6409513889333454
0,4,0.0,,-0.004285064994093091,-0.035621408058204865,-1.6755567675665475,-0.9864189195842104,-0.0033470320879919746,-0.853950638695152,-0.00039962730660847434,-0.04067214741037428,-42.81428961036727,-0.001961319367477628,-0.002476320334516835,-0.034529833950208436,-2.2730569948186314,-0.9472679226925278,-44.97772929734492,-0.03879920689026956,-20.018752020416326,-276.4117626546103,-135.57349331878686,-1.3689254463378282
5,4,0.0,,-0.0021131572368968676,-0.017498345212680663,-0.9479043413048771,-0.5602174958566436,-0.0018614865427881155,-0.4755295973361847,0.0005815015415380209,0.05912078282061665,6902.508124323096,0.3191290958229885,-0.0013448879260060664,-0.018756839883873548,-1.3035663694692232,-0.5457830522048811,66.58611782350636,0.05785026503905272,-146.7979127133572,-1109.3162303900751,-101.9760019998339,-1.0397078914710356
10,4,0.0,,0.0015998666777754522,0.013115251295375748,0.5558870094158976,0.34270313104969313,0.0016119323389717222,0.41561734466347156,0.00181517373552198,0.18387133262515826,10293.892175652087,0.4822595121206293,0.000832347304391412,0.011625578353321304,0.7417631864010445,0.32350003790316617,204.87459378385392,0.1814798844232901,-273.9759845249563,-1553.8671235933286,-65.55945337888625,-0.6892482195822045
15,4,0.0,,0.007492500576880445,0.0604161813401034,2.870009999230831,1.9050846813791453,0.00755166525651868,1.9848038957137646,0.003367102530574817,0.33893489227937323,-8719.252365202643,-0.41397515922626993,0.004324590416119989,0.060550255834605236,3.9209599261595542,1.8373549908075433,380.01692177525547,0.3474577934003904,-402.0230158825475,-1970.2929931543943,-33.54480424582289,-0.37086020901151245
20,4,0.0,,0.016231059149298233,0.12775636228441498,6.048173217444798,4.479486936863973,0.016608007076378606,4.502269487187251,0.005336074148142522,0.5319195715384754,-6366.433351280866,-0.3119722723476949,0.009094454272749353,0.12775990935387518,8.30246134912693,4.329920057558782,567.2640566110495,0.5426659016120051,-530.7692808067841,-2119.61999696559,3.716021844473289,0.04433997860314936
30,4,0.0,,0.042866938075851735,0.3138407274779747,14.79242554103277,15.663108558566705,0.05092056995928873,15.60252246786183,0.011032711949146234,1.0675837335041378,39821.7984429684,2.1452441217744695,0.022720662809799563,0.3220045324705015,20.663688307977992,15.274746584882399,1007.873009070754,1.1010211865528254,-793.7771243779016,-2184.353350511429,52.46010999214286,0.7838410754733091
-30,6,0.0,,0.02753881865580965,0.28213117400895776,16.199885722448414,3.658075677359273,0.01658825798157265,3.6306892557127615,0.00031521319905725154,0.03514422682474493,-49914.434683237225,-1.6637004944879483,0.02182651239197142,0.2887530246650828,19.861488465109574,3.354356512025638,81.57988715090323,0.04568231529267682,839.6766681551317,7075.608890471103,-252.6226698092978,-1.8383394160517441
-20,6,0.0,,0.00744396584878082,0.08081311155263042,4.91221444504265,0.8460896996017632,0.004081532189831594,0.8665601125208736,-0.0007970771479117733,-0.0913298019460609,33412.42981309118,0.9874260842604161,0.00639220059995349,0.08256496485740356,5.7575109606951855,0.7591622102099435,-182.48596261825878,-0.08914825111797853,552.1745812894009,2071.4867839162666,-258.0439966156446,-1.5003406683808516
-15,6,0.0,,0.0012182909007005804,0.013471574017728628,0.9055688023997845,0.14262075883648456,0.0008431197600184959,0.17739472603573825,-0.0009801169140835064,-0.11333067684032694,24261.97984770406,0.6922142585164716,0.0011246057995535352,0.014395329033246593,1.0436274132757717,0.12694329943299532,-237.74325051918277,-0.11094951737731318,408.69003366533343,1433.736716576551,-252.8859318513969,-1.3604354790476876
-10,6,0.0,,-0.0024266311140745955,-0.027163732564750638,-1.6943588034330332,-0.25025021329233815,-0.0010266977751853812,-0.21462625664679666,-0.000817540204982925,-0.09515519681379286,-15341.554870427586,-0.4320999722101788,-0.0021294058828429385,-0.027072210319428778,-1.9484042996415383,-0.22380977535910834,-213.9738355136651,-0.0967567589563961,263.5162802813933,895.8694841793111,-229.5067077743588,-1.1677659276962393
-5,6,0.0,,-0.00408140988250949,-0.0460210377618549,-2.9359386717774214,-0.41749103318859304,-0.0018375218731773169,-0.3824716659711891,-0.0004383134738770167,-0.05124618631076118,-5598.200149987824,-0.15521760475930085,-0.0036764436296961023,-0.046544803907327605,-3.3484459628363084,-0.3718328597845759,-122.86476126985508,-0.05454407442347638,115.62512950437463,453.9137738289058,-195.46871094075686,-0.9615054740542772
0,6,0.0,,-0.004137442050723195,-0.04675348719527608,-2.840187255704109,-0.3983106881498666,-0.0017695391328061971,-0.36726852882436345,4.302336151262853e-05,0.005040892791642875,-7110.080901735928,-0.1938463438732653,-0.0035517680210865876,-0.044896128939749126,-3.2218071084446365,-0.35338195386556864,14.762294336862396,0.006518896188698571,-32.902187992091626,-185.9992496199408,-154.46777565675802,-0.7502316963421624
5,6,0.0,,-0.0019505874510468146,-0.021984328870921367,-1.3648779268394264,-0.19332668787474117,-0.0008009499208398996,-0.16602942197088086,0.0007415298725106378,0.08690046420966298,19557.370219147764,0.5428192046265036,-0.0017364386301137458,-0.021974037483322485,-1.5592950587450787,-0.17252882929991015,190.16748604283202,0.08462251782877749,-180.16952941246564,-1111.547532410702,-102.50895758686966,-0.5017382875732413
10,6,0.0,,0.0020648279310062634,0.023092557973089737,1.500466627780952,0.219857762206906,0.0011584451295725273,0.2401290757041935,0.0016848262644776346,0.19700420822755235,33852.678943421226,0.9554700298200698,0.001878676776933652,0.023863274466088612,1.705782851429035,0.19450909705889874,432.1139905008022,0.196314579709713,-327.4880521181568,-2880.65465163359,-43.295558703437564,-0.21805482539307983
15,6,0.0,,0.00806161064533839,0.08903145005459967,5.570609953080407,0.8661929243734271,0.004286147219444647,0.8902062408626723,0.0029219829243906092,0.34016691672643207,-27029.53618952399,-0.7772126611543387,0.0070827628643961305,0.0905397250356583,6.452980539958389,0.7758488533328911,728.6516421813576,0.3423060330552978,-474.0692575930313,-7101.961237090234,19.943081301436905,0.10544437516398666
20,6,0.0,,0.016018690869932684,0.17361670356434886,10.72900546111839,1.8152411188100002,0.008747642489039309,1.8232317690930817,0.004485362664410464,0.518385026299771,-32705.48419352388,-0.9764326465301234,0.013834705022689242,0.17837988577437625,12.593969694638872,1.633835984038571,1072.0636874086922,0.5281369258421325,-619.3134622065226,-7805.938239763385,87.38327820936684,0.49660925515080284
30,6,0.0,,0.03950517820155852,0.4037087261306434,23.45544603956853,5.136876372432182,0.02393889722162701,5.071391460804979,0.00887823012641964,1.0014134044922018,90146.48953646189,3.0247814563937143,0.03147875151775015,0.4154105480653248,28.62729090779237,4.699479531293846,1812.8205128205009,1.0270048795204445,-901.8483184463038,-4420.990609301262,208.42296978787272,1.4716621335305982
-30,8,0.0,,0.024415898864367236,0.300858503776215,22.617813013356454,2.043753486692315,0.0099205556745946,2.050161780221689,-0.0006020141418470182,-0.07348161255768486,-15663.952574816532,-0.34851132898996257,0.025374401828440085,0.3028897737574002,23.13263338332945,1.7320934650211859,-175.9945718162926,-0.060728960961511216,951.4351353474752,733.5273807325722,-299.6693093350477,-1.3130524423569716
-20,8,0.0,,0.006306822552113012,0.0810778209339357,6.7475578801631855,0.47632966019682704,0.002486693331282208,0.5117011140647854,-0.0011171371432966426,-0.13972979646344424,16566.648719329387,0.32760351042243374,0.007142604415044218,0.08194204183373256,6.512114452734295,0.39618313877242173,-438.47396354126977,-0.1316199330014239,642.172679793862,506.6485127195046,-313.1682178293995,-1.094601296820928
-15,8,0.0,,0.0012211368356274122,0.01590602102407282,1.3993538958543468,0.09099019518505856,0.000619452349819305,0.1273835521206136,-0.0008646642565957041,-0.10906658071608304,8637.258672409691,0.16431907673320043,0.0014508883932009553,0.01640581824434281,1.3154372740557392,0.07477728376129066,-373.20206137991045,-0.10692409546171376,474.93984001230683,436.41478370059065,-307.3940466117965,-0.9942258758054339
-10,8,0.0,,-0.0019006749437542325,-0.024966951899218347,-2.080326639446639,-0.12755611005058007,-0.0004291892342306314,-0.08818449496852228,-0.00031174068827599655,-0.0395658647859968,-21082.659778351896,-0.39187838615673076,-0.0021017415215407453,-0.023512209984897656,-1.905424547954226,-0.10325179720979782,-150.1541538205347,-0.041667255334194554,300.8505681194068,359.6242696644322,-272.03566369469263,-0.8324684258294157
-5,8,0.0,,-0.00622073160569947,-0.08198856113781665,-3.9988334305473927,-0.2367189169786422,-0.0010093658861761723,-0.20726143218310508,-0.00017806016165311522,-0.02268285612664258,-11637.196900258772,-0.21228479256366564,-0.007114157153569778,-0.07893741878014446,-2.99108407632707,-0.15776924068542933,-100.22498125152197,-0.027281938648924257,127.25533012490624,239.5946962590179,-238.68844262978382,-0.7053549528586834
0,8,0.0,,-0.0052999727297509125,-0.06985396178950525,-3.549040996272879,-0.20768620345065575,-0.0008395964003272138,-0.17226930150937592,0.0003129715480411077,0.039950858703272245,-13406.326697573066,-0.23955720048442797,-0.006161348968275249,-0.0681025961224835,-2.607126624852299,-0.13644365171184494,106.99027361150365,0.02896012911149319,-49.06044942368875,-174.40404528466337,-176.37032996999915,-0.5141213998484917
5,8,0.0,,-0.0011315723689691026,-0.01490697215113953,-0.4533788850926612,-0.026799300134858584,-2.9239230064204147e-05,-0.005994437353474769,0.0009726606116158276,0.12437969053732825,19417.798516790383,0.3550468375299153,-0.0008955920339950296,-0.009932399706835586,-0.3523039746687573,-0.018563629914981193,442.94642113149166,0.12103637355003981,-225.27701958336806,-1892.1958414744483,-90.03416381968418,-0.26470106344908495
10,8,0.0,,0.002358553453878365,0.030964302551368016,3.1806516123656365,0.19441139684418013,0.0009582284809598884,0.19626236730503868,0.0013709190900756951,0.17537808851590236,34441.71319056768,0.643115028350449,0.0031671527372729713,0.035410085288671365,2.872427297725153,0.15524769826101845,627.9643363052746,0.17565600977008414,-394.0099408035164,-987.4313087130334,-16.819431714022357,-0.050959243057432976
15,8,0.0,,0.0070588416275656485,0.09185826133745516,8.23105914929647,0.5324313597553371,0.002589016229520791,0.529658561588914,0.0018896777170986923,0.24116429512336535,1748.9423890467733,0.03365441841011409,0.008432120606105542,0.09525519953744943,7.680639950772957,0.43477049328790923,848.1193754326669,0.2458995189232753,-560.3165811440582,-957.6908693972927,62.90977617106546,0.20021328765180577
20,8,0.0,,0.013764018152448543,0.17669450211183385,15.045073455888087,1.0538762377392608,0.004960149219290777,1.0127204207779923,0.0025213522036764413,0.3202112254498711,-5618.490885316394,-0.11288335753671416,0.01579493885085803,0.18096184618412736,14.384124298130928,0.8696039142220342,1096.4156603338197,0.33429471940279876,-720.2301196176447,-1041.2282635812182,150.20152295976732,0.5137351009796303
30,8,0.0,,0.03464652524819556,0.4259976956820036,32.32026283836876,2.876978090917565,0.013558888650810674,2.758679858964643,0.004692250553531729,0.5854661657222076,39658.16727376636,0.8993178158653563,0.036138775801727974,0.43040495199236883,32.850082136990295,2.4282677836611946,1747.0252124848193,0.6162193199737721,-1016.1416219612884,-1283.550032203453,294.02114134704607,1.2478330495596963
-30,12,0.0,,0.03380044282551431,0.44881806327496876,63.15127490893474,1.7217913994574026,0.008565295336047496,1.790581086621755,-0.00310344261124218,-0.4025298424334279,-62099.99285765365,-0.7109410963197444,0.05014141847011011,0.4296551993003968,41.086922362688256,1.2924807403388452,-2121.491322048474,-0.3468058385976706,1461.2128276551675,190.48408637418976,-566.9452181986999,-1.1564802683731212
-20,12,0.0,,0.0015085762633653133,0.021323291066741794,9.694023536651002,0.20982890383493938,0.0011311206830244003,0.2394210288727077,-0.0024972925159602033,-0.3368571605514185,-33230.28997769207,-0.3443917110765169,0.0019006230289946302,0.01596825219366962,7.649873086685602,0.19484473692052004,-2156.218752403627,-0.3117174850602566,897.7392585185756,154.03203972420403,-620.3115144988842,-1.0289564006890315
-15,12,0.0,,-0.0009064687331745702,-0.013093028360691063,-5.385739558495516,-0.1080035838310031,-0.0003403661256826118,-0.07245391441641716,-0.001667164064302784,-0.22823439580207097,-26817.93708176166,-0.2684360275394325,-0.001127605568804313,-0.009415277848975648,-4.128528574725351,-0.0980227706850724,-1594.6004153526155,-0.22152420156763314,639.0945158064766,143.56126798771055,-574.6050303822776,-0.8890661680001388
-10,12,-0.020169735855345206,-1.0223965744094918,-0.0004354637113568316,-0.0063419384636023484,0.052245646196752205,0.0010451027858710293,0.0002626697775184872,0.059384473331031994,0.0009416548620947429,0.150705838840384,-13543.704691275954,-0.15103886448599452,0.001035747021083111,0.008560436856391624,0.017331889009255974,0.00041488470693099,934.9470877427375,0.14585891293791545,342.85446997166906,259.0861892020698,-268.8742604782965,-0.45623490376863723
-5,12,-0.03704532955587059,-1.446337056677211,-0.0005467877676847976,-0.008056952364067544,0.039913340555358445,0.0007983193760576698,0.00018999250062490258,0.044310546092635295,0.002021273227231002,0.34308308807562843,13204.732938921079,0.15233375124260043,0.0003558036830249023,0.0029423600621698302,-0.01799850012503157,-0.00043038862498904877,2021.5565369551769,0.3268271064843938,121.39760912590617,5224.888897663102,-96.94025497875555,-0.16728148534249443
0,12,-0.03299527315698603,-1.1696360759136877,-0.0007280247250252003,-0.010763518352110889,-0.03426961185323307,-0.000685494516011901,0.00017074811380779487,0.0404258157227488,0.0019661485319515393,0.3430915742939188,16070.357240250334,0.18704034391131408,-5.090446322775222e-05,-0.0004207384063980654,0.14216889373710728,0.0034023864782589727,1965.1122625216376,0.324015828636819,-79.20885987455688,-84.44499301025846,-24.682301608947455,-0.042915230857726465
5,12,-0.013995500374968994,-0.5354183920489377,-0.0006117823514708576,-0.009014602747872124,0.08840929922553187,0.00176851681696244,0.00023195567036082831,0.054192729530511324,0.0012528039330056417,0.21461395887878848,27615.19873343967,0.32107804251310207,0.0009599200066645608,0.007940264398384978,0.2551454045496939,0.006101872170761704,1261.3115573701216,0.20589782394277653,-280.92663420472456,-160.99846521923175,-2.3364719606688595,-0.0040094289643703585
10,12,0.0647867677693521,3.242363788649849,4.691275726997901e-05,0.0006831055511972239,-0.14990417465287464,-0.002998659287613144,-0.0003387801016582759,-0.07671515361750467,-0.0025435380384967177,-0.4118141624677917,-10267.061078242958,-0.11540645391591126,0.00011415715356655198,0.0009430715868791554,-0.43354720440038363,-0.010383899116815759,-2594.433797183563,-0.40938172299507863,-508.63476244704606,-187.19370445991294,-243.76885259561095,-0.40665610077422765
15,12,0.0,,0.0366241058380119,0.5291703561244733,25.509114683485677,0.5127119856606824,0.003894792708253214,0.8308844823582724,0.0034424505807246764,0.4782904863770896,59429.19775401987,0.6016943827328787,0.06258133989692816,0.5226171530346525,1.1303745865698147,0.026895442393780316,3549.0346896392293,0.5006756153060318,-862.3354303515114,-206.19156041417557,483.35512652873877,0.7349148955429516
20,12,0.0,,0.007948080916852618,0.11237137464262757,61.238135528036764,1.326490569337286,0.005834351203753585,1.2355553529935168,0.0010968387047151085,0.15079064951624782,30803.630489962175,0.3237668017218923,0.011904468887006914,0.1000196588358175,47.85931851396026,1.2198928052421347,1413.99892315967,0.20846801017252392,-1112.3105084224292,-216.54669814624162,467.7070994538881,0.7576235947420847
30,12,0.0,,0.031446396685952394,0.4168747935005624,131.92107706592378,3.5767887657089057,0.01636902364116849,3.400098737894005,0.0030482251267766047,0.4054236034581626,72222.91264909692,0.8437079100041498,0.04776658810085266,0.4085625243370393,100.91064923934027,3.162330810489379,3163.9740018569864,0.5306662292484826,-1676.471509177916,-269.9032503960995,976.3902578387278,1.911018062453615
-30,14,0.19778372973359026,6.266311719664093,0.00238340118562963,0.03559691411343661,-0.16013141918392648,-0.00320455354193522,-0.0009454253267623947,-0.2324028889809366,-0.01143061209913565,-2.0778795594843174,-176823.7983001219,-2.09877507547956,0.005586743804013139,0.046200933067469044,-2.908649382187832,-0.06966673506636009,-11828.919362902641,-1.991820480697843,1000.2878402971214,235.04114720343412,-1306.4209699307175,-2.7592185114550705
-20,14,0.010409430043843315,0.17542873115924096,0.0002255980309193717,0.0036552157261248064,-0.05599569263904414,-0.001120192638666712,-3.37820167679026e-05,-0.010562848552044425,-0.0007311129913084025,-0.1838059977700197,-18259.67233289685,-0.25694672319651013,0.0007237904776555837,0.0059837421534923605,-0.378817014075139,-0.0090657942887353,-907.3148219368304,-0.17898420998448047,485.5699944750403,907.9876192891421,-347.11945234982704,-0.7851855158892066
-15,14,-0.007568879316974808,-0.11257325919083673,-5.384201215274942e-05,-0.0008967769847950504,-0.07845550342244678,-0.0015691849731635226,1.2583647411690269e-05,0.004259260233130067,0.00011512960541498751,0.03191893579777855,-2750.4038150915876,-0.04052182014116879,-0.00017460195369523035,-0.0014434725345277295,-0.09253134374284855,-0.002212965986622232,137.91246827167924,0.02837662533333596,319.86711330526884,239.04614929093114,-218.20783016690984,-0.4962761793066826
-10,14,-0.014324889592534973,-0.19644706806069034,1.641529872387082e-05,0.0002786754214674678,-0.026581118239846546,-0.0005316584613984098,4.616281976510539e-06,0.0016583250521879378,0.00040401633197229003,0.12044514175405133,-8398.300141654909,-0.12797369847696285,0.00014498791767536545,0.001198299819175222,-0.15748687609357148,-0.0037681003391269404,552.5289559204248,0.11755665333092731,183.76558517123573,115.83653172142607,-141.23573035580193,-0.32222588072830405
-5,14,-0.017251479043412843,-0.22650672291777543,-5.324556286900872e-05,-0.0009143488899961499,-0.008582618114814977,-0.00017165502844889542,3.161403216400682e-05,0.011749457710197485,0.0005479210065827966,0.17046615972194237,1193.5672027338296,0.018555457864354228,-7.499375049846435e-06,-6.197444805433086e-05,-0.010082493125992187,-0.00024121519191027288,775.1020748271258,0.16815708583445463,67.69816230147487,47.02923153707273,-81.37988500958454,-0.1846696472657379
0,14,-0.016651395327697216,-0.21537283166174745,-7.162985183128967e-05,-0.0012346773872534565,-0.0021816198532178532,-4.363089471157852e-05,2.6552131624502096e-05,0.00997606597991582,0.0005547950186345907,0.17552535812686554,3323.1524406876415,0.05145834321279858,9.544586855980697e-05,0.000788806934789734,-0.008271975275420118,-0.00019786927408698923,795.7367512044148,0.17423229733659915,-39.782551168802826,-35.70462182112265,-38.34196891191823,-0.08619467785260498
5,14,-0.013600449962504868,-0.17783779492075813,-6.474460461536324e-05,-0.0011118513595666545,0.0018331805686102598,3.666383316991273e-05,1.1499041746632077e-05,0.0042733984046391645,0.00047691025747848004,0.14973032765887914,11956.503624698147,0.18711636597144785,2.2498125154868376e-05,0.0001859410521299344,-0.005832847262354335,-0.00013952570190101451,683.5263728022692,0.1496455563907716,-146.47517632530622,-188.0152536136298,-3.940504957914527,-0.008765356449444596
10,14,-0.007040413298891046,-0.09567724712240018,-5.141238230077505e-05,-0.000872835135436005,-0.02024831264043314,-0.00040500653410181374,-1.850679110071418e-05,-0.006652938827131245,0.0002777268560952839,0.08435743589535959,14787.851012415253,0.2284750553965276,6.24947920968566e-05,0.000516584853370059,-0.07941004916301608,-0.0018998256805385025,396.09199233393883,0.08586697044925468,-260.4015202441463,-430.6647312394043,21.77068577618047,0.047838651308533105
15,14,0.0060250749942314386,0.0884927859264736,-9.906930236081024e-05,-0.0016501879555021874,-0.026305668794520898,-0.0005261274750222,-3.566648719333099e-05,-0.01207435678988698,-0.00014100453811249913,-0.04010435445302614,2994.000461502932,0.04507482107640921,0.00028997769402394624,0.002397835816432455,-0.07714791169928503,-0.0018445539746237642,-170.87147142528556,-0.03606487840283675,-393.88595722790546,-470.6785904776285,35.741096838704834,0.07706130789492602
20,14,0.031345127297901065,0.5174585665735791,-0.00016929466964121787,-0.0027428036390555067,0.015383432043563516,0.0003077719543366281,-2.149834628117908e-05,-0.006737252666032341,-0.0010533035920313738,-0.2741137203224936,-8718.560110759921,-0.1263684992172564,0.000236135681872085,0.001952513969867925,0.028074763479708054,0.0006719801456188052,-1292.1852165218443,-0.2638425046966061,-555.2598379509268,-365.6404116321778,28.57164833474235,0.060753154630367324
30,14,0.27106063852581963,8.187597448475808,0.0008148703664039303,0.012167499662454458,-0.32104849653569545,-0.006425243513865007,-0.0008698735804584801,-0.21465121860314057,-0.012568780801371249,-2.3884413745683517,-162818.01299907174,-2.0059065622560306,-0.000886365259626487,-0.007326258171216273,-0.8172987643738452,-0.019592106485312906,-13288.922219841392,-2.337664197810059,-1078.2052945361047,-189.9586932097796,-559.5921719877151,-1.110610362174634
-30,16,0.030752589100777605,0.4251703929842133,7.028069423675731e-05,0.0011987715807621419,0.07320905649612541,0.0014647059593530405,5.198914363258034e-05,0.019045811889017925,-0.0014337261624169928,-0.43255932030161154,-31943.932576244697,-0.4829174043196288,0.0004935361759876855,0.004078921162543052,-0.03135490322165424,-0.0007509110141478837,-1950.9106492393767,-0.41622600422731953,639.5122576280265,289.7577426035892,-390.9863581172758,-1.0456848641786323
-20,16,-0.005090993000537836,-0.05422640011977884,7.991692946607287e-05,0.0014794098330724692,-0.041535266517712444,-0.0008308062208135537,-8.037843242797438e-06,-0.0037460430851453553,2.0275363433686078e-05,0.008040231659978504,-4436.043381278403,-0.07657993502928266,0.00014152757479912736,0.0011698410154038527,-0.21206061072280136,-0.005074087194364263,39.535420352360234,0.009408146155020355,318.011100730713,73.37643183995645,-186.80332282130985,-0.5049098162082883
-15,16,-0.009433120529189765,-0.09338278214597664,-2.445965694963803e-05,-0.00046546318087766587,-0.04684255057327391,-0.0009368543838818435,1.558341666030305e-05,0.007875729846162818,0.00019093915852630428,0.08286763684294608,773.5558803165331,0.013941096572798623,5.461118375649221e-05,0.00045139031715520035,-0.030382278286197106,-0.0007267438785100024,337.5355741865933,0.08317405207632156,210.3145607130605,51.1940429033786,-130.52457503269397,-0.35054726026540955
-10,16,-0.010839930005831278,-0.10211031383241237,3.2830597449517995e-05,0.000636939411060384,-0.017581868178240256,-0.000351647285052241,7.207732689001878e-06,0.003863956221273789,0.00022856428630960157,0.10603163036026633,-4876.760269977152,-0.09025293444247703,9.499208399432746e-05,0.000785093633789992,-0.051412382302260085,-0.0012299646581704414,421.3815515373717,0.10676988191593091,121.3278354828764,36.942624740890416,-92.90975752020313,-0.24739862677020347
-5,16,-0.011600699941672232,-0.10622665848107052,2.058161819817883e-05,0.00040392586504337116,-0.0007499375060433522,-1.4998867602206481e-05,1.3140571619107977e-05,0.007291897813781526,0.00025024581284890934,0.12094628872453986,-375.96866927761585,-0.007091626406520706,-4.582951420672998e-05,-0.00037876322787185453,-0.006666111156846455,-0.00015947675356863488,471.02741438214434,0.12151488963680389,44.72321044829599,22.12518500825083,-58.78676776935754,-0.1544117674417524
0,16,-0.012155258612851938,-0.1101992940882959,-1.4907735660152355e-05,-0.00029369273013670296,0.0003636033088696422,7.271993331863786e-06,9.390055449504109e-06,0.005271601804530777,0.0002507772020725052,0.12338072304554634,833.1969820931554,0.01563975077957623,3.4542314335084257e-05,0.000285474680161502,-0.009544586855554371,-0.00022833742712899944,474.5477683846839,0.1236822468627972,-25.304668744659573,-49.33660930106063,-28.751022634307446,-0.07434611663124115
5,16,-0.013040579951667297,-0.1191453388896623,-2.0331639030146675e-05,-0.000399032953450893,8.332638935826253e-05,1.6665286759064826e-06,5.949504207986012e-06,0.003302590715901301,0.0002478043496376148,0.12126724701292972,5651.612365636043,0.10736593983236185,5.6661944840996625e-05,0.0004682943061932685,0.0012498958421929274,2.9900220576234105e-05,467.06941088248277,0.12201636433770485,-94.14179038580119,-98.67479086787905,0.1833180568210082,0.0004664566268822811
10,16,-0.013583868010998756,-0.12744073794612942,-1.7331889009319923e-05,-0.0003362804488420003,-0.016081993167063047,-0.0003216504018745512,-6.082826431191846e-06,-0.0032639883362375376,0.0002284892925590032,0.10859567155500709,8437.546871094033,0.15834623720916471,-4.999583368103799e-05,-0.00041323204832592944,-0.03066411132385838,-0.0007335769074407432,426.8810932422639,0.11084321416675391,-166.9886634663778,-75.97953269589462,28.831764019661932,0.07219505388035799
15,16,-0.012232135989538762,-0.12041146603666258,-2.1844473502063977e-05,-0.0004157368823527185,0.00299976924816292,5.999515330748607e-05,-1.3198984693513216e-05,-0.006677621182300278,0.00017934005076530868,0.08054057941547002,6491.962156756781,0.12054169296252557,-4.230443811792384e-05,-0.00034968718572015367,-0.03530497654082865,-0.0008444060911285136,329.92846704099793,0.08415073964721692,-251.1827765797247,-85.3338442082396,57.15252672871429,0.1407467133670593
20,16,-0.00704645796477088,-0.0744072227027857,-6.407199446201162e-05,-0.0011861294055798815,-0.015075763402819575,-0.000301562758218008,-2.4744250442299e-05,-0.011556524877901356,2.2229059303102705e-05,0.009212615890074119,4576.724867317826,0.08210553349788897,-2.1536804858612868e-05,-0.0001780292681177531,-0.040612260594571126,-0.0009717823664494848,58.96469502343098,0.014667841037868307,-352.25757980539953,-112.7634644561806,83.0759172371254,0.2020879836673847
30,16,0.039906363831154756,0.5416167435590991,-0.0006363116920233836,-0.01084987738690987,0.11192057710104564,0.0022395630110796623,8.79080065709914e-05,0.03237761666018441,-0.0014607028069423822,-0.467166720290349,-27006.35668880772,-0.42409677602284634,-0.0006463824012605812,-0.005341152702227488,0.6406685236761405,0.01535474072910821,-2019.355760302802,-0.45655688384205795,-662.3137307599457,-931.295972278372,104.24326833798114,0.24696029827795382
-30,18,-0.0003756874508962227,-0.0037409326743976868,-1.964145418309471e-05,-0.000376864964264169,0.002214127562183421,4.429346374090632e-05,8.249410756389075e-06,0.004294039144988899,-0.00021886293836148596,-0.09728039656036878,-5031.783444039524,-0.09027994818789226,0.00020855653167473065,0.0017234918251169916,-0.0754946075285261,-0.001807517202419771,-358.68152274843305,-0.08901354105134407,456.62842641382764,58.34048812335561,-216.25526748089396,-0.667510607331498
-20,18,-0.00979770786862666,-0.08081298189689931,1.3229751558263558e-05,0.00027552370289405216,-0.009691562187981617,-0.00019384363388806562,3.4612722099591764e-07,0.00022943697848874995,0.00012395969540801577,0.07110409266790503,-728.1747557884082,-0.014780198449659278,1.6152603647512365e-05,0.00013349571499180293,-0.08976232597433409,-0.0021476540302574044,268.07937850925373,0.07288599862745222,225.87458349357735,27.123064579640012,-119.91231443734796,-0.36474588256509655
-15,18,-0.010012306745636579,-0.07803832384928464,-1.3075917236982093e-05,-0.00027993210230063383,0.01199907699447067,0.00023998421643055506,8.853165141181618e-06,0.006371222753363616,0.00013825090377658777,0.08608998256787621,907.7763248980045,0.019165131659029014,-4.9996154139364535e-05,-0.0004131995778536204,0.0005384201213018969,1.28804654842828e-05,312.6528728558915,0.08732857030831713,149.06384782016767,21.0448843035498,-89.17929390047357,-0.2662791132971342
-10,18,-0.00991500708273918,-0.07432190397487141,1.0749104241369878e-05,0.00023462259845706337,-0.018165152903748094,-0.0003633083316614443,6.557786851102421e-06,0.0050049528046356515,0.00012973085576201138,0.08577374484896949,-2876.343638030812,-0.06171051118129206,-1.8331805685889435e-05,-0.00015150648061144646,-0.02316473627161031,-0.0005541645736733102,303.54137155239005,0.08659647585054052,86.14568868844253,16.683878719642962,-64.68460961586243,-0.1892800183398764
-5,18,-0.009900841596531151,-0.07249874597668897,2.4997916892033345e-07,5.519432313532828e-06,8.332638935826253e-05,1.6665415349872624e-06,6.224481293198858e-06,0.004919489297718832,0.00012573118906758496,0.08640370256099952,-846.3461378226057,-0.018439083726600164,2.2498125154868376e-05,0.00018593846551290843,-0.00916590284123231,-0.00021927443404945433,300.16665277897846,0.08698539757058381,32.444497243563035,11.32714204309532,-42.3431380718248,-0.12117440162150155
0,18,-0.011124443232430892,-0.08077222417583836,-2.0907190245722518e-06,-4.6340201937140004e-05,0.00163621488991339,3.272399557501987e-05,4.726843014279947e-06,0.0037806815027462805,0.00012028906463049105,0.08419601427661239,-217.70748113840818,-0.004725357021446725,-9.090082677687406e-07,-7.512249439228544e-06,-0.011544405053427909,-0.0002761914048903373,291.20989001001,0.08530061584137345,-15.73311728388327,-73.29027613748677,-21.78165621307562,-0.06093389006054505
5,18,-0.013151404049665416,-0.09610592293930471,3.333055578202959e-06,7.359167247307486e-05,-0.0009999166741181398,-1.9998437465572347e-05,2.4497958504010597e-06,0.0019378442392875858,0.00012500624947919814,0.0873237946164291,1514.9570869095623,0.03315944308112864,3.333055584420208e-06,2.754616431963724e-05,-0.006582784768397687,-0.00015747378247010354,299.83334722102154,0.08833386395513346,-61.8490742104824,-25.724844494470705,-1.3698858428469975,-0.0037544418712729356
10,18,-0.016275310390795994,-0.12156212937612634,-2.2081493208148117e-05,-0.0004819638575684869,-0.010749104240858287,-0.0002149864630099463,-1.4248812598982585e-06,-0.0010894171974786557,0.00013688025997829478,0.09340084136375781,2794.767102740705,0.06049996347272532,3.999666694554094e-05,0.00033055294691287777,-0.011499041745992145,-0.0002750881487952031,320.24831264064414,0.09431193951904544,-110.17691580534961,-23.160621198366787,21.22656445296161,0.057092358398275464
15,18,-0.01955926467194402,-0.15171364406158486,-2.5844165833177613e-05,-0.0005532483963076698,0.0015383432046292,3.076701886245044e-05,-4.076609491504568e-06,-0.0029406709101315945,0.00015149603876618567,0.09867300439655867,4322.97515575774,0.09476751557136254,5.230366894792837e-05,0.0004322686239230658,-0.0242289054685898,-0.000579590338919289,338.56626413349295,0.0989464341406254,-165.53142751249902,-25.12381586105188,45.14421967540693,0.11956762284298272
20,18,-0.022195215752635278,-0.18205507090186424,-3.507422505855118e-05,-0.0007303882115634547,-0.0076147988611410256,-0.0001523118375232312,-7.914775786405093e-06,-0.005264401899433688,0.0001580570725328856,0.09587441417532516,5124.605799553916,0.10902586027949479,0.00011691408352909605,0.0009662994177675875,-0.03284362741305813,-0.0007858903564372928,338.3816629489884,0.09733113613154869,-233.44495604184283,-30.160623738894593,73.64048919313791,0.1929327333193815
30,18,-0.012241768445116818,-0.1211777721263866,-0.00022376973073257034,-0.004293019740349887,0.024712520534194482,0.0004944281802331572,2.0405685308200194e-05,0.010672716207773277,-0.00011579172916217906,-0.05518554334833177,-9890.793514749035,-0.18330780328191565,-0.0013584743946886135,-0.011224347320747868,0.30947789443598595,0.007413124062759888,-184.8296550246887,-0.049207430082364084,-449.775892726591,-64.24090086729582,142.4041139918554,0.366314902942529
