Time,YawAngle,WindSpeed,BldPitch1,RotSpeed,RtTSR,RotTorq,GenPwr,RtAeroCp,RtAeroCt,RtAeroFxh,B1RootMxr,B1RootMyr,B1RootMzr,RtVAvgxh,RtVAvgyh,RtVAvgzh,RtSkew,YawBrMzp,TwrBsMyt,TwrBsMxt
0.0,-30,6,0.0,7.28,8.074,1.799e-15,243.7,0.4872,0.82,221000.0,321.5,438000.0,1296.0,5.944,-0.06413,0.5192,5.029,-1.002e-15,-805.1,1.51
0.1155,-30,6,0.0,7.273,9.547,320.5,239.0,0.4151,0.8388,161600.0,203000.0,977000.0,-10520.0,5.025,-0.00118,0.5197,5.905,-100.7,1548.0,-21.89
0.231,-30,6,0.0,7.251,10.35,468.3,236.4,0.3892,0.8472,138100.0,511300.0,1730000.0,-6708.0,4.621,0.08438,0.5074,6.352,-111.7,1363.0,-721.2
0.3465,-30,6,0.0,7.276,10.37,381.3,237.1,0.3964,0.854,139300.0,853100.0,2718000.0,-10950.0,4.623,0.1565,0.5036,6.508,-58.41,-344.9,-343.2
0.462,-30,6,0.0,7.29,9.906,409.3,239.1,0.4285,0.8677,156100.0,1355000.0,3431000.0,-12600.0,4.856,0.2081,0.4867,6.221,-7.174,2948.0,99.03
0.5775,-30,6,0.0,7.283,9.192,268.0,241.8,0.4465,0.8616,179600.0,1763000.0,3665000.0,-11160.0,5.227,0.2215,0.4611,5.59,128.4,5673.0,-776.0
0.693,-30,6,0.0,7.297,8.662,325.1,242.4,0.4676,0.8425,198200.0,2122000.0,3799000.0,-17940.0,5.553,0.2113,0.4336,4.965,95.05,7589.0,153.3
0.8085,-30,6,0.0,7.318,8.37,545.2,244.2,0.4915,0.8342,212200.0,2349000.0,3889000.0,-17800.0,5.774,0.2068,0.4056,4.509,27.1,13360.0,257.2
0.924,-30,6,0.0,7.345,8.27,543.8,251.1,0.5083,0.8403,220100.0,2433000.0,3807000.0,-13950.0,5.859,0.2192,0.378,4.265,60.77,18150.0,-607.0
1.0395,-30,6,0.0,7.368,8.284,429.4,261.2,0.5106,0.8402,220400.0,2408000.0,3616000.0,-16620.0,5.862,0.27,0.3595,4.386,42.47,21690.0,960.8
1.155,-30,6,0.0,7.376,8.377,313.6,270.4,0.5025,0.8396,216600.0,2509000.0,3526000.0,-15340.0,5.813,0.3446,0.3397,4.758,21.24,27880.0,1307.0
1.2705,-30,6,0.0,7.387,8.521,380.6,276.7,0.4921,0.8445,210900.0,2802000.0,3507000.0,-16240.0,5.72,0.4295,0.2945,5.202,61.0,32020.0,492.8
1.386,-30,6,0.0,7.396,8.603,524.3,283.1,0.4845,0.844,207000.0,3129000.0,3511000.0,-23550.0,5.668,0.5074,0.2204,5.574,39.3,34080.0,1447.0
1.5015,-30,6,0.0,7.413,8.615,503.0,292.0,0.4835,0.843,207600.0,3464000.0,3569000.0,-25300.0,5.68,0.54,0.1494,5.634,113.6,37720.0,1416.0
1.617,-30,6,0.0,7.435,8.583,485.2,301.9,0.4813,0.8409,209500.0,3608000.0,3640000.0,-25790.0,5.713,0.5269,0.1031,5.369,155.5,38960.0,1030.0
1.7325,-30,6,0.0,7.436,8.504,419.8,311.6,0.4779,0.836,212000.0,3586000.0,3745000.0,-26560.0,5.765,0.5075,0.06462,5.071,176.7,37870.0,1966.0
1.848,-30,6,0.0,7.444,8.431,380.8,318.8,0.4792,0.8326,215700.0,3489000.0,3827000.0,-24460.0,5.826,0.5095,0.02168,5.002,177.2,37910.0,1883.0
1.9635,-30,6,0.0,7.464,8.345,581.5,324.8,0.4819,0.8292,220300.0,3422000.0,3853000.0,-22650.0,5.9,0.5316,-0.02078,5.152,178.7,35800.0,1342.0
2.079,-30,6,0.0,7.476,8.234,629.5,334.5,0.4829,0.823,225100.0,3382000.0,3843000.0,-23210.0,5.986,0.5739,-0.06129,5.507,137.3,31930.0,1492.0
2.1945,-30,6,0.0,7.5,8.158,506.7,346.1,0.4848,0.8177,229400.0,3400000.0,3808000.0,-23490.0,6.062,0.6063,-0.09661,5.783,97.76,29430.0,1605.0
2.31,-30,6,0.0,7.518,8.103,516.9,356.5,0.487,0.8162,233200.0,3512000.0,3762000.0,-23460.0,6.119,0.6077,-0.1346,5.808,53.03,25450.0,1415.0
2.4255,-30,6,0.0,7.521,8.05,521.1,366.2,0.4869,0.8147,235900.0,3549000.0,3693000.0,-25710.0,6.16,0.5778,-0.1727,5.591,-14.09,20530.0,1209.0
2.541,-30,6,0.0,7.541,8.049,570.9,375.1,0.4875,0.8136,236900.0,3526000.0,3606000.0,-25720.0,6.177,0.5228,-0.2148,5.228,-51.07,17340.0,1252.0
2.6565,-30,6,0.0,7.564,8.081,687.1,385.5,0.489,0.8151,237000.0,3336000.0,3552000.0,-23490.0,6.173,0.465,-0.2581,4.924,-69.7,13490.0,822.1
2.772,-30,6,0.0,7.579,8.117,632.6,398.7,0.4887,0.8176,236400.0,2986000.0,3511000.0,-20510.0,6.155,0.4272,-0.2957,4.825,-49.02,9420.0,412.2
2.8875,-30,6,0.0,7.594,8.179,532.1,411.0,0.4888,0.8212,234800.0,2646000.0,3443000.0,-17290.0,6.121,0.4152,-0.328,4.941,-31.27,7550.0,790.7
3.003,-30,6,0.0,7.603,8.257,566.3,420.6,0.4892,0.8263,232700.0,2393000.0,3395000.0,-15870.0,6.074,0.414,-0.3511,5.107,-20.78,5677.0,471.2
3.1185,-30,6,0.0,7.612,8.335,647.6,429.6,0.4883,0.8311,230000.0,2269000.0,3355000.0,-16060.0,6.022,0.4116,-0.3698,5.25,-61.7,4132.0,-78.63
3.234,-30,6,0.0,7.627,8.436,687.5,439.8,0.4886,0.8363,226800.0,2191000.0,3304000.0,-17090.0,5.961,0.3844,-0.3868,5.227,-116.2,4819.0,371.5
3.3495,-30,6,0.0,7.641,8.549,661.6,450.8,0.4892,0.8425,223500.0,2052000.0,3293000.0,-16960.0,5.896,0.3247,-0.4067,5.044,-141.3,5626.0,289.7
3.465,-30,6,0.0,7.649,8.636,616.8,461.1,0.4878,0.8482,220900.0,1781000.0,3296000.0,-15240.0,5.841,0.2531,-0.4286,4.871,-143.0,6807.0,75.01
3.5805,-30,6,0.0,7.65,8.72,596.5,469.4,0.4858,0.8531,217900.0,1413000.0,3280000.0,-12990.0,5.785,0.1851,-0.4486,4.795,-108.3,9778.0,564.0
3.696,-30,6,0.0,7.656,8.818,644.7,475.8,0.4847,0.8576,214800.0,978200.0,3287000.0,-10640.0,5.728,0.1376,-0.465,4.838,-48.67,12650.0,330.0
3.8115,-30,6,0.0,7.666,8.911,731.5,482.6,0.482,0.8607,211500.0,564000.0,3285000.0,-8088.0,5.674,0.1098,-0.4761,4.922,3.946,15490.0,9.305
3.927,-30,6,0.0,7.67,8.991,696.6,490.9,0.479,0.8617,208200.0,221400.0,3238000.0,-6725.0,5.626,0.06912,-0.4836,4.963,38.14,19430.0,512.5
4.0425,-30,6,0.0,7.676,9.009,618.2,497.9,0.4795,0.8611,207700.0,-47680.0,3195000.0,-5751.0,5.622,-0.01492,-0.4832,4.915,75.17,22730.0,753.1
4.158,-30,6,0.0,7.677,8.941,647.8,502.6,0.4802,0.8594,210500.0,-208000.0,3160000.0,-3652.0,5.665,-0.09247,-0.48,4.932,73.68,25430.0,781.6
4.2735,-30,6,0.0,7.675,8.885,689.2,506.7,0.479,0.8571,212400.0,-389400.0,3143000.0,-3277.0,5.698,-0.1564,-0.4771,5.035,90.38,28590.0,1141.0
4.389,-30,6,0.0,7.685,8.859,722.1,511.0,0.4783,0.8544,213600.0,-656800.0,3194000.0,-2113.0,5.723,-0.2258,-0.473,5.233,116.6,30730.0,1280.0
4.5045,-30,6,0.0,7.694,8.813,751.1,516.4,0.4772,0.8512,215400.0,-1024000.0,3276000.0,1366.0,5.759,-0.2888,-0.4678,5.454,134.0,31960.0,1222.0
4.62,-30,6,0.0,7.696,8.744,687.4,522.4,0.4763,0.8474,217900.0,-1473000.0,3340000.0,4521.0,5.804,-0.3333,-0.455,5.55,159.5,33170.0,1453.0
4.7355,-30,6,0.0,7.7,8.669,654.3,526.5,0.4769,0.8434,221000.0,-1859000.0,3405000.0,7391.0,5.859,-0.3531,-0.4348,5.46,163.9,33160.0,1677.0
4.851,-30,6,0.0,7.705,8.591,732.3,529.5,0.4767,0.8388,224100.0,-2111000.0,3462000.0,9708.0,5.917,-0.3584,-0.409,5.251,139.3,32170.0,1507.0
4.9665,-30,6,0.0,7.712,8.519,777.2,533.9,0.4771,0.8349,227100.0,-2249000.0,3498000.0,10260.0,5.97,-0.368,-0.379,5.057,90.38,31090.0,1477.0
5.082,-30,6,0.0,7.724,8.469,762.7,539.6,0.479,0.8321,229800.0,-2338000.0,3534000.0,10480.0,6.015,-0.3957,-0.3461,4.995,53.48,29000.0,1737.0
5.1975,-30,6,0.0,7.733,8.426,741.6,545.6,0.4801,0.8304,232200.0,-2435000.0,3571000.0,11930.0,6.053,-0.4436,-0.3144,5.133,11.39,26300.0,1618.0
5.313,-30,6,0.0,7.738,8.39,723.4,550.9,0.4807,0.8295,234100.0,-2604000.0,3602000.0,13330.0,6.081,-0.4977,-0.2832,5.38,-11.08,23880.0,1501.0
5.4285,-30,6,0.0,7.744,8.379,744.5,555.5,0.4819,0.8294,235100.0,-2823000.0,3635000.0,15150.0,6.094,-0.5404,-0.2489,5.576,-36.63,20990.0,1566.0
5.544,-30,6,0.0,7.754,8.387,801.2,560.5,0.4834,0.83,235500.0,-3045000.0,3667000.0,17740.0,6.098,-0.5578,-0.212,5.589,-72.33,18030.0,1218.0
5.6595,-30,6,0.0,7.764,8.406,813.3,567.0,0.4849,0.832,235500.0,-3234000.0,3684000.0,19400.0,6.09,-0.5484,-0.1703,5.387,-95.84,15720.0,994.6
5.775,-30,6,0.0,7.772,8.444,764.5,573.9,0.4869,0.8353,234800.0,-3310000.0,3688000.0,20070.0,6.069,-0.5241,-0.125,5.074,-111.9,13400.0,1148.0
5.8905,-30,6,0.0,7.778,8.495,745.5,579.5,0.4882,0.8391,233500.0,-3260000.0,3682000.0,19700.0,6.038,-0.5038,-0.07647,4.824,-116.4,11410.0,954.2
6.006,-30,6,0.0,7.782,8.549,783.3,584.2,0.4885,0.8432,231900.0,-3121000.0,3669000.0,18320.0,6.002,-0.5,-0.02851,4.769,-114.6,10370.0,685.3
6.1215,-30,6,0.0,7.788,8.617,810.4,589.3,0.4892,0.8475,229700.0,-2980000.0,3649000.0,16900.0,5.959,-0.5123,0.01476,4.915,-100.3,9650.0,688.2
6.237,-30,6,0.0,7.796,8.702,813.8,594.8,0.4898,0.8519,227000.0,-2904000.0,3638000.0,16540.0,5.909,-0.5311,0.05414,5.162,-95.28,9506.0,534.8
6.3525,-30,6,0.0,7.801,8.793,798.8,600.4,0.4892,0.8566,223800.0,-2895000.0,3631000.0,17100.0,5.85,-0.5374,0.0939,5.328,-91.88,10350.0,443.5
6.468,-30,6,0.0,7.8,8.894,762.5,605.0,0.4871,0.8603,219700.0,-2902000.0,3616000.0,17440.0,5.784,-0.5137,0.1497,5.285,-87.99,11480.0,621.6
6.5835,-30,6,0.0,7.802,8.968,773.6,608.0,0.4851,0.8615,216500.0,-2830000.0,3599000.0,17110.0,5.738,-0.4469,0.2424,5.064,-77.84,13020.0,635.5
6.699,-30,6,0.0,7.804,8.959,825.3,610.8,0.4848,0.8612,217000.0,-2647000.0,3589000.0,15730.0,5.746,-0.3649,0.3328,4.913,-39.25,15180.0,528.3
6.8145,-30,6,0.0,7.806,8.948,826.2,614.3,0.4838,0.8611,217600.0,-2368000.0,3577000.0,13470.0,5.753,-0.3092,0.3802,4.868,35.15,17340.0,636.8
6.93,-30,6,0.0,7.809,8.961,797.3,617.7,0.4812,0.8605,217000.0,-2043000.0,3578000.0,11010.0,5.748,-0.2787,0.4083,4.915,113.9,19590.0,770.2
7.0455,-30,6,0.0,7.808,8.964,788.0,620.0,0.4781,0.8596,216600.0,-1728000.0,3599000.0,9122.0,5.746,-0.2644,0.4309,5.028,165.1,22100.0,780.6
7.161,-30,6,0.0,7.806,8.948,791.1,621.5,0.4757,0.8578,216800.0,-1463000.0,3631000.0,7741.0,5.754,-0.2537,0.4511,5.139,178.1,24230.0,931.8
7.2765,-30,6,0.0,7.808,8.918,817.3,622.6,0.4744,0.855,217700.0,-1255000.0,3680000.0,6840.0,5.776,-0.2336,0.4717,5.207,147.2,26020.0,1131.0
7.392,-30,6,0.0,7.811,8.873,845.3,624.3,0.4733,0.8517,219200.0,-1061000.0,3742000.0,6698.0,5.807,-0.1969,0.4913,5.208,103.8,27660.0,1186.0
7.5075,-30,6,0.0,7.813,8.822,827.9,626.8,0.4727,0.8486,221000.0,-836900.0,3795000.0,6019.0,5.842,-0.1419,0.5107,5.184,62.72,28640.0,1366.0
7.623,-30,6,0.0,7.815,8.77,800.7,628.7,0.4727,0.8458,223000.0,-527800.0,3844000.0,4134.0,5.878,-0.07882,0.5285,5.195,37.78,29090.0,1590.0
7.7385,-30,6,0.0,7.817,8.719,813.7,629.9,0.4731,0.8434,225100.0,-124000.0,3892000.0,1407.0,5.913,-0.02127,0.5418,5.239,32.82,29220.0,1516.0
7.854,-30,6,0.0,7.819,8.672,842.5,631.3,0.4737,0.8413,227000.0,316700.0,3930000.0,-2031.0,5.946,0.02081,0.5486,5.275,38.69,28660.0,1441.0
7.9695,-30,6,0.0,7.824,8.636,851.7,633.4,0.4751,0.8396,228800.0,716800.0,3963000.0,-5337.0,5.975,0.04768,0.5488,5.268,32.04,27630.0,1499.0
8.085,-30,6,0.0,7.829,8.608,845.3,636.1,0.4769,0.8389,230300.0,1034000.0,3993000.0,-7249.0,5.998,0.06824,0.5437,5.22,8.135,26380.0,1438.0
8.2005,-30,6,0.0,7.832,8.586,832.2,638.7,0.4788,0.8391,231700.0,1274000.0,4006000.0,-8272.0,6.016,0.09498,0.5353,5.164,-29.51,24640.0,1437.0
8.316,-30,6,0.0,7.835,8.576,827.9,640.9,0.481,0.8401,232700.0,1482000.0,4005000.0,-9588.0,6.024,0.1362,0.5261,5.155,-76.69,22690.0,1516.0
8.4315,-30,6,0.0,7.839,8.583,853.4,643.0,0.4834,0.8418,233100.0,1728000.0,3988000.0,-11210.0,6.024,0.193,0.5142,5.21,-113.8,20830.0,1390.0
8.547,-30,6,0.0,7.845,8.597,876.0,645.8,0.4852,0.8438,233100.0,2028000.0,3952000.0,-13760.0,6.017,0.2553,0.4977,5.312,-132.3,18870.0,1229.0
8.6625,-30,6,0.0,7.849,8.621,860.2,649.3,0.4872,0.8463,232800.0,2364000.0,3907000.0,-17240.0,6.004,0.3071,0.4761,5.391,-131.2,17060.0,1198.0
8.778,-30,6,0.0,7.853,8.661,841.3,652.5,0.489,0.8494,231800.0,2702000.0,3862000.0,-20450.0,5.98,0.3395,0.4476,5.367,-118.5,15630.0,1083.0
8.8935,-30,6,0.0,7.855,8.716,845.9,655.0,0.4898,0.8529,229900.0,2986000.0,3815000.0,-23030.0,5.943,0.3552,0.4116,5.227,-104.8,14390.0,930.9
9.009,-30,6,0.0,7.857,8.793,857.2,657.3,0.4893,0.8556,226700.0,3180000.0,3773000.0,-24810.0,5.893,0.3709,0.3603,5.015,-92.34,13500.0,895.0
9.1245,-30,6,0.0,7.86,8.861,869.6,659.7,0.4889,0.8568,223800.0,3287000.0,3738000.0,-25360.0,5.85,0.411,0.2729,4.82,-73.16,13110.0,839.8
9.24,-30,6,0.0,7.863,8.855,869.8,662.4,0.4895,0.8568,224300.0,3346000.0,3708000.0,-25290.0,5.856,0.4634,0.1754,4.836,-37.15,13020.0,774.5
9.3555,-30,6,0.0,7.863,8.844,849.5,664.8,0.489,0.8573,225000.0,3403000.0,3684000.0,-25780.0,5.863,0.5002,0.119,5.011,12.33,13360.0,831.1
9.471,-30,6,0.0,7.863,8.867,844.4,666.4,0.4864,0.8578,224000.0,3503000.0,3666000.0,-26860.0,5.849,0.5264,0.08096,5.202,58.89,14260.0,867.4
9.5865,-30,6,0.0,7.863,8.896,864.1,667.5,0.4833,0.858,222600.0,3637000.0,3650000.0,-28410.0,5.83,0.5401,0.04193,5.309,82.01,15430.0,818.0
9.702,-30,6,0.0,7.864,8.916,873.6,668.8,0.4803,0.8574,221500.0,3754000.0,3639000.0,-30060.0,5.817,0.5365,-0.002129,5.27,84.34,16840.0,878.1
9.8175,-30,6,0.0,7.865,8.922,866.5,670.3,0.4779,0.8563,221000.0,3805000.0,3636000.0,-30760.0,5.814,0.5176,-0.05015,5.111,80.23,18480.0,989.5
9.933,-30,6,0.0,7.865,8.912,859.4,671.4,0.4755,0.8546,221100.0,3759000.0,3642000.0,-30120.0,5.822,0.4933,-0.0952,4.932,79.14,20090.0,1020.0
10.0485,-30,6,0.0,7.864,8.895,855.8,672.2,0.4734,0.8528,221300.0,3627000.0,3649000.0,-28790.0,5.831,0.4743,-0.1379,4.842,78.22,21650.0,1090.0
10.164,-30,6,0.0,7.864,8.877,862.7,672.6,0.4723,0.8512,221800.0,3455000.0,3650000.0,-27210.0,5.843,0.4669,-0.1778,4.887,76.57,23160.0,1165.0
10.2795,-30,6,0.0,7.865,8.857,878.1,673.0,0.4719,0.8498,222500.0,3287000.0,3642000.0,-25690.0,5.858,0.469,-0.2154,5.035,69.92,24400.0,1147.0
10.395,-30,6,0.0,7.866,8.833,877.9,673.9,0.4717,0.8484,223400.0,3148000.0,3630000.0,-24780.0,5.873,0.4714,-0.2528,5.203,52.07,25380.0,1197.0
10.5105,-30,6,0.0,7.867,8.81,863.8,674.8,0.4722,0.8475,224300.0,3034000.0,3611000.0,-24290.0,5.889,0.4632,-0.2907,5.304,19.36,26130.0,1322.0
10.626,-30,6,0.0,7.867,8.787,863.4,675.2,0.4731,0.8469,225400.0,2912000.0,3589000.0,-23690.0,5.905,0.4386,-0.329,5.304,-20.96,26470.0,1349.0
10.7415,-30,6,0.0,7.868,8.764,875.6,675.6,0.4743,0.8467,226500.0,2738000.0,3565000.0,-22620.0,5.921,0.4002,-0.3664,5.236,-56.6,26450.0,1349.0
10.857,-30,6,0.0,7.87,8.747,883.3,676.3,0.4763,0.8471,227600.0,2483000.0,3541000.0,-20770.0,5.933,0.3567,-0.4006,5.166,-73.95,26120.0,1365.0
10.9725,-30,6,0.0,7.872,8.738,885.0,677.3,0.4786,0.848,228500.0,2154000.0,3519000.0,-18130.0,5.942,0.3162,-0.4313,5.143,-74.89,25420.0,1295.0
11.088,-30,6,0.0,7.874,8.729,879.1,678.6,0.4805,0.8489,229300.0,1792000.0,3493000.0,-15360.0,5.949,0.2837,-0.4577,5.172,-67.71,24450.0,1223.0
11.2035,-30,6,0.0,7.875,8.724,871.2,679.6,0.4828,0.8501,229900.0,1449000.0,3461000.0,-13190.0,5.953,0.2593,-0.4785,5.224,-64.58,23330.0,1213.0
11.319,-30,6,0.0,7.877,8.733,878.8,680.4,0.4851,0.8518,230000.0,1158000.0,3425000.0,-11830.0,5.949,0.2351,-0.4949,5.263,-73.62,22020.0,1164.0
11.4345,-30,6,0.0,7.879,8.759,892.4,681.5,0.4868,0.8537,229300.0,906100.0,3384000.0,-11140.0,5.933,0.1998,-0.5092,5.268,-92.08,20660.0,1118.0
11.55,-30,6,0.0,7.881,8.806,890.8,682.9,0.4875,0.8552,227400.0,652400.0,3336000.0,-10690.0,5.902,0.1367,-0.5222,5.225,-105.3,19350.0,1150.0
11.6655,-30,6,0.0,7.883,8.844,882.0,684.4,0.488,0.8555,225700.0,357200.0,3281000.0,-9356.0,5.879,0.02261,-0.5316,5.172,-98.4,18100.0,1153.0
11.781,-30,6,0.0,7.884,8.81,879.2,685.6,0.4894,0.8545,227200.0,7219.0,3225000.0,-6207.0,5.902,-0.1031,-0.5308,5.234,-64.23,17000.0,1104.0
11.8965,-30,6,0.0,7.885,8.778,882.5,686.6,0.4898,0.854,228700.0,-376000.0,3196000.0,-3227.0,5.924,-0.173,-0.5199,5.285,-6.202,16160.0,1079.0
12.012,-30,6,0.0,7.886,8.786,891.5,687.6,0.4882,0.854,228400.0,-751300.0,3212000.0,-872.9,5.92,-0.2081,-0.5015,5.24,51.0,15610.0,1045.0
12.1275,-30,6,0.0,7.888,8.807,896.1,688.8,0.486,0.8539,227400.0,-1081000.0,3257000.0,1024.0,5.907,-0.2312,-0.477,5.127,83.35,15370.0,1017.0
12.243,-30,6,0.0,7.888,8.824,886.6,690.0,0.4837,0.8536,226500.0,-1349000.0,3304000.0,2495.0,5.896,-0.2541,-0.4491,5.002,90.01,15420.0,1081.0
12.3585,-30,6,0.0,7.889,8.833,879.0,690.9,0.4816,0.8531,225900.0,-1566000.0,3345000.0,3708.0,5.891,-0.2846,-0.4208,4.929,80.07,15700.0,1157.0
12.474,-30,6,0.0,7.889,8.834,886.9,691.5,0.4791,0.8519,225600.0,-1762000.0,3386000.0,4933.0,5.89,-0.3221,-0.3958,4.952,63.63,16260.0,1171.0
12.5895,-30,6,0.0,7.889,8.836,895.8,692.1,0.4768,0.8509,225200.0,-1976000.0,3425000.0,6414.0,5.889,-0.3655,-0.3707,5.052,44.91,17080.0,1194.0
12.705,-30,6,0.0,7.891,8.841,895.4,693.0,0.4753,0.8504,224900.0,-2221000.0,3459000.0,8325.0,5.886,-0.4069,-0.3429,5.165,29.51,18040.0,1224.0
12.8205,-30,6,0.0,7.891,8.844,890.2,693.8,0.4742,0.85,224600.0,-2481000.0,3485000.0,10470.0,5.884,-0.4384,-0.3103,5.216,18.34,19130.0,1214.0
12.936,-30,6,0.0,7.891,8.846,884.0,694.3,0.4733,0.8498,224500.0,-2715000.0,3507000.0,12350.0,5.883,-0.4571,-0.2725,5.169,10.92,20280.0,1216.0
13.0515,-30,6,0.0,7.89,8.847,884.9,694.6,0.473,0.8498,224400.0,-2884000.0,3529000.0,13640.0,5.882,-0.466,-0.2314,5.056,-0.5113,21380.0,1227.0
13.167,-30,6,0.0,7.89,8.848,894.7,694.7,0.473,0.85,224400.0,-2975000.0,3551000.0,14380.0,5.882,-0.4726,-0.1904,4.951,-13.89,22380.0,1190.0
13.2825,-30,6,0.0,7.891,8.846,898.5,695.1,0.4736,0.8506,224600.0,-3009000.0,3576000.0,14750.0,5.882,-0.4842,-0.1516,4.93,-26.43,23240.0,1159.0
13.398,-30,6,0.0,7.891,8.846,891.3,695.6,0.475,0.8517,224900.0,-3019000.0,3606000.0,15090.0,5.883,-0.5035,-0.1157,5.018,-36.51,23900.0,1163.0
13.5135,-30,6,0.0,7.891,8.846,886.4,695.8,0.4766,0.8529,225300.0,-3033000.0,3644000.0,15670.0,5.883,-0.5268,-0.07819,5.173,-50.23,24360.0,1130.0
13.629,-30,6,0.0,7.891,8.842,889.8,695.9,0.478,0.8539,225700.0,-3060000.0,3684000.0,16520.0,5.885,-0.5461,-0.03639,5.314,-66.77,24600.0,1090.0
13.7445,-30,6,0.0,7.891,8.839,895.8,695.9,0.48,0.855,226200.0,-3084000.0,3724000.0,17580.0,5.888,-0.5535,0.008505,5.372,-84.47,24580.0,1079.0
13.86,-30,6,0.0,7.892,8.843,899.8,696.2,0.482,0.8563,226400.0,-3076000.0,3763000.0,18320.0,5.886,-0.5463,0.05573,5.33,-97.7,24340.0,1053.0
13.9755,-30,6,0.0,7.892,8.859,897.2,696.6,0.4834,0.8577,226000.0,-3005000.0,3797000.0,18550.0,5.875,-0.5269,0.1059,5.227,-98.15,23870.0,1032.0
14.091,-30,6,0.0,7.892,8.891,890.1,697.0,0.4837,0.8584,224500.0,-2860000.0,3823000.0,18070.0,5.854,-0.4969,0.1675,5.118,-83.31,23190.0,1037.0
14.2065,-30,6,0.0,7.892,8.906,889.6,697.1,0.4844,0.8575,223600.0,-2656000.0,3843000.0,16930.0,5.845,-0.4486,0.2603,5.072,-52.34,22360.0,1015.0
14.322,-30,6,0.0,7.893,8.848,896.7,697.2,0.4866,0.8554,226000.0,-2426000.0,3859000.0,15620.0,5.883,-0.3978,0.3512,5.154,-10.38,21430.0,989.1
14.4375,-30,6,0.0,7.893,8.797,900.9,697.4,0.4879,0.8541,228300.0,-2209000.0,3869000.0,14490.0,5.918,-0.3704,0.3956,5.232,35.26,20450.0,1018.0
14.553,-30,6,0.0,7.894,8.784,900.1,697.9,0.487,0.8532,228800.0,-2014000.0,3873000.0,13640.0,5.928,-0.3481,0.4206,5.262,65.4,19550.0,1079.0
14.6685,-30,6,0.0,7.895,8.785,897.4,698.4,0.4856,0.8525,228700.0,-1826000.0,3872000.0,12880.0,5.928,-0.3154,0.4439,5.248,69.47,18770.0,1153.0
14.784,-30,6,0.0,7.896,8.784,895.4,698.8,0.4839,0.8516,228500.0,-1612000.0,3865000.0,11750.0,5.929,-0.2694,0.4682,5.206,57.96,18060.0,1246.0
14.8995,-30,6,0.0,7.897,8.778,899.2,699.2,0.4824,0.8505,228500.0,-1343000.0,3854000.0,9912.0,5.933,-0.2158,0.4909,5.164,45.91,17510.0,1305.0
15.015,-30,6,0.0,7.898,8.77,906.4,699.7,0.4803,0.849,228600.0,-1018000.0,3840000.0,7460.0,5.94,-0.1656,0.5075,5.136,42.8,17160.0,1316.0
15.1305,-30,6,0.0,7.899,8.768,905.4,700.5,0.4785,0.8479,228500.0,-657700.0,3822000.0,4602.0,5.942,-0.1223,0.5171,5.11,40.82,16990.0,1333.0
15.246,-30,6,0.0,7.9,8.771,899.1,701.2,0.4774,0.8475,228300.0,-298600.0,3807000.0,1732.0,5.941,-0.08672,0.5203,5.074,37.41,17020.0,1357.0
15.3615,-30,6,0.0,7.901,8.777,897.6,701.8,0.4765,0.8474,228000.0,34740.0,3796000.0,-711.5,5.937,-0.05531,0.5197,5.031,27.35,17250.0,1363.0
15.477,-30,6,0.0,7.901,8.788,900.7,702.3,0.4757,0.8477,227500.0,331900.0,3790000.0,-2787.0,5.93,-0.02129,0.5181,4.998,10.54,17640.0,1372.0
15.5925,-30,6,0.0,7.902,8.802,904.6,702.9,0.4753,0.8483,227000.0,607400.0,3787000.0,-4666.0,5.921,0.01969,0.5175,4.998,-15.09,18180.0,1388.0
15.708,-30,6,0.0,7.903,8.818,905.5,703.5,0.4752,0.8493,226400.0,887700.0,3784000.0,-6603.0,5.91,0.06775,0.5172,5.043,-40.4,18860.0,1369.0
15.8235,-30,6,0.0,7.903,8.834,901.3,704.1,0.4754,0.8507,226000.0,1194000.0,3781000.0,-8958.0,5.9,0.1186,0.5152,5.12,-58.99,19590.0,1329.0
15.939,-30,6,0.0,7.903,8.85,897.1,704.4,0.4763,0.8525,225600.0,1529000.0,3782000.0,-11760.0,5.888,0.1657,0.5086,5.191,-68.04,20370.0,1278.0
16.0545,-30,6,0.0,7.902,8.868,899.1,704.6,0.4772,0.8544,225200.0,1875000.0,3784000.0,-14740.0,5.876,0.2071,0.4944,5.212,-72.45,21150.0,1186.0
16.17,-30,6,0.0,7.902,8.881,903.5,704.8,0.4782,0.8559,224900.0,2198000.0,3789000.0,-17480.0,5.867,0.2418,0.473,5.173,-73.95,21840.0,1093.0
16.2855,-30,6,0.0,7.902,8.892,903.5,704.9,0.4796,0.8576,224800.0,2470000.0,3798000.0,-19680.0,5.86,0.271,0.4475,5.102,-74.06,22430.0,1033.0
16.401,-30,6,0.0,7.901,8.908,899.9,705.1,0.481,0.8594,224400.0,2687000.0,3809000.0,-21220.0,5.85,0.3003,0.4209,5.052,-73.83,22890.0,977.6
16.5165,-30,6,0.0,7.901,8.932,897.5,705.0,0.4818,0.8609,223600.0,2864000.0,3818000.0,-22380.0,5.833,0.3362,0.3924,5.062,-69.79,23170.0,931.8
16.632,-30,6,0.0,7.9,8.97,897.7,704.9,0.4816,0.8615,221800.0,3030000.0,3821000.0,-23580.0,5.808,0.386,0.3495,5.123,-61.7,23290.0,903.8
16.7475,-30,6,0.0,7.899,8.98,900.2,704.6,0.4822,0.8604,221000.0,3205000.0,3819000.0,-24980.0,5.801,0.4566,0.2671,5.21,-43.87,23240.0,874.7
16.863,-30,6,0.0,7.899,8.914,901.8,704.4,0.4845,0.8581,223700.0,3386000.0,3813000.0,-26620.0,5.844,0.5162,0.1772,5.335,-15.13,23010.0,864.8
16.9785,-30,6,0.0,7.898,8.858,900.4,704.1,0.4856,0.8565,226100.0,3554000.0,3808000.0,-28280.0,5.881,0.5389,0.1212,5.366,24.17,22650.0,893.9
17.094,-30,6,0.0,7.898,8.836,900.1,703.9,0.4847,0.8551,226900.0,3678000.0,3801000.0,-29460.0,5.896,0.5409,0.07564,5.292,58.31,22220.0,936.6
17.2095,-30,6,0.0,7.898,8.823,902.3,703.7,0.4833,0.8536,227200.0,3741000.0,3790000.0,-29900.0,5.905,0.5343,0.02809,5.177,75.81,21700.0,988.2
17.325,-30,6,0.0,7.899,8.808,903.7,703.6,0.482,0.852,227500.0,3739000.0,3772000.0,-29710.0,5.915,0.5267,-0.02062,5.092,81.29,21090.0,1058.0
17.4405,-30,6,0.0,7.899,8.786,904.7,703.6,0.481,0.8503,228200.0,3691000.0,3751000.0,-29070.0,5.931,0.5225,-0.06645,5.076,79.97,20450.0,1124.0
17.556,-30,6,0.0,7.9,8.763,906.2,703.8,0.4794,0.8481,228900.0,3624000.0,3729000.0,-28270.0,5.947,0.522,-0.1058,5.118,74.11,19840.0,1188.0
17.6715,-30,6,0.0,7.901,8.747,905.5,704.0,0.4782,0.8466,229400.0,3554000.0,3700000.0,-27730.0,5.958,0.5207,-0.1428,5.178,53.86,19280.0,1266.0
17.787,-30,6,0.0,7.902,8.739,905.4,704.3,0.4776,0.8458,229600.0,3485000.0,3666000.0,-27450.0,5.964,0.5127,-0.1805,5.207,26.34,18810.0,1351.0
17.9025,-30,6,0.0,7.903,8.737,907.7,704.7,0.4771,0.8455,229700.0,3400000.0,3631000.0,-27020.0,5.966,0.4946,-0.2203,5.186,-2.617,18440.0,1419.0
18.018,-30,6,0.0,7.904,8.742,908.6,705.3,0.4767,0.8456,229500.0,3275000.0,3600000.0,-26260.0,5.964,0.4667,-0.2618,5.127,-24.64,18190.0,1470.0
18.1335,-30,6,0.0,7.906,8.753,907.9,705.9,0.4765,0.8462,229200.0,3094000.0,3573000.0,-24960.0,5.957,0.4338,-0.302,5.071,-40.33,18090.0,1500.0
18.249,-30,6,0.0,7.906,8.768,907.1,706.5,0.4766,0.8474,228700.0,2858000.0,3547000.0,-23130.0,5.947,0.402,-0.3376,5.044,-47.72,18120.0,1486.0
18.3645,-30,6,0.0,7.907,8.787,906.3,707.0,0.477,0.8489,228200.0,2588000.0,3522000.0,-21100.0,5.934,0.3752,-0.367,5.054,-50.45,18280.0,1446.0
18.48,-30,6,0.0,7.907,8.81,906.1,707.5,0.478,0.8511,227600.0,2309000.0,3497000.0,-19200.0,5.919,0.3531,-0.3907,5.085,-53.92,18570.0,1406.0
18.5955,-30,6,0.0,7.908,8.836,906.7,708.0,0.479,0.8534,226800.0,2042000.0,3472000.0,-17530.0,5.901,0.3292,-0.4129,5.113,-64.53,18960.0,1352.0
18.711,-30,6,0.0,7.908,8.86,906.7,708.4,0.4799,0.8555,226200.0,1785000.0,3448000.0,-16170.0,5.886,0.2985,-0.4357,5.127,-79.9,19420.0,1304.0
18.8265,-30,6,0.0,7.908,8.883,905.6,708.7,0.481,0.8577,225600.0,1524000.0,3423000.0,-14910.0,5.871,0.26,-0.4587,5.132,-93.25,19920.0,1262.0
18.942,-30,6,0.0,7.907,8.911,904.7,708.9,0.482,0.86,224800.0,1240000.0,3400000.0,-13540.0,5.852,0.2143,-0.4812,5.143,-99.9,20450.0,1194.0
19.0575,-30,6,0.0,7.907,8.95,904.6,709.0,0.4823,0.8619,223300.0,916700.0,3374000.0,-12050.0,5.826,0.1619,-0.5012,5.166,-92.11,20950.0,1110.0
19.173,-30,6,0.0,7.906,8.999,903.4,709.0,0.4816,0.8629,221000.0,560800.0,3339000.0,-10390.0,5.793,0.09245,-0.5165,5.175,-71.85,21420.0,1024.0
19.2885,-30,6,0.0,7.905,9.013,901.5,708.9,0.4818,0.8619,220100.0,191600.0,3288000.0,-8083.0,5.784,-0.01459,-0.523,5.169,-38.47,21800.0,940.8
19.404,-30,6,0.0,7.904,8.95,900.7,708.6,0.4839,0.8598,222600.0,-161100.0,3237000.0,-4895.0,5.824,-0.1095,-0.517,5.185,3.053,22060.0,883.7
19.5195,-30,6,0.0,7.903,8.902,901.8,708.1,0.4845,0.8584,224600.0,-476500.0,3215000.0,-2746.0,5.855,-0.1567,-0.5041,5.152,48.22,22230.0,863.1
19.635,-30,6,0.0,7.902,8.884,904.5,707.7,0.4832,0.857,225100.0,-755000.0,3239000.0,-1260.0,5.867,-0.192,-0.4885,5.112,79.73,22330.0,866.3
19.7505,-30,6,0.0,7.902,8.871,905.7,707.3,0.4817,0.8555,225400.0,-1016000.0,3289000.0,159.2,5.875,-0.233,-0.4714,5.114,89.41,22320.0,893.8
19.866,-30,6,0.0,7.901,8.852,903.8,707.0,0.4803,0.8537,225800.0,-1284000.0,3343000.0,1827.0,5.887,-0.2803,-0.4527,5.168,85.47,22190.0,938.5
19.9815,-30,6,0.0,7.901,8.824,903.4,706.7,0.4793,0.8517,226700.0,-1568000.0,3394000.0,3898.0,5.906,-0.3273,-0.4317,5.24,75.28,21960.0,978.3
20.097,-30,6,0.0,7.902,8.794,906.5,706.5,0.4778,0.8491,227600.0,-1862000.0,3445000.0,6140.0,5.926,-0.3661,-0.4073,5.28,64.49,21660.0,1016.0
20.2125,-30,6,0.0,7.902,8.771,908.4,706.4,0.4768,0.8473,228400.0,-2141000.0,3489000.0,8335.0,5.943,-0.3957,-0.3766,5.251,44.58,21310.0,1066.0
20.328,-30,6,0.0,7.903,8.753,908.7,706.4,0.4765,0.8461,229000.0,-2382000.0,3521000.0,10220.0,5.955,-0.4171,-0.3399,5.163,24.38,20900.0,1132.0
20.4435,-30,6,0.0,7.904,8.741,908.0,706.6,0.4763,0.8454,229500.0,-2569000.0,3541000.0,11630.0,5.964,-0.4351,-0.2999,5.064,6.744,20460.0,1198.0
20.559,-30,6,0.0,7.905,8.736,907.2,706.8,0.4762,0.8451,229700.0,-2706000.0,3559000.0,12630.0,5.968,-0.4541,-0.2595,5.009,-6.561,20030.0,1260.0
20.6745,-30,6,0.0,7.905,8.738,908.4,707.1,0.4764,0.8454,229700.0,-2812000.0,3578000.0,13440.0,5.967,-0.4764,-0.221,5.029,-21.4,19640.0,1315.0
20.79,-30,6,0.0,7.906,8.746,910.3,707.4,0.4768,0.8463,229600.0,-2905000.0,3599000.0,14320.0,5.962,-0.4998,-0.1851,5.108,-37.94,19310.0,1347.0
20.9055,-30,6,0.0,7.907,8.759,910.3,707.9,0.4776,0.8477,229300.0,-3000000.0,3621000.0,15330.0,5.954,-0.5201,-0.1502,5.196,-56.12,19070.0,1375.0
21.021,-30,6,0.0,7.908,8.778,908.7,708.4,0.4789,0.8499,228900.0,-3088000.0,3643000.0,16390.0,5.941,-0.5328,-0.1136,5.24,-74.88,18910.0,1403.0
21.1365,-30,6,0.0,7.908,8.803,907.8,708.8,0.48,0.8521,228300.0,-3148000.0,3665000.0,17220.0,5.925,-0.5361,-0.07066,5.214,-92.58,18860.0,1411.0
21.252,-30,6,0.0,7.909,8.826,908.6,709.2,0.4811,0.8542,227700.0,-3159000.0,3684000.0,17660.0,5.91,-0.5313,-0.02296,5.142,-103.6,18890.0,1403.0
21.3675,-30,6,0.0,7.909,8.851,909.7,709.6,0.4823,0.8566,227100.0,-3110000.0,3698000.0,17700.0,5.893,-0.5224,0.02467,5.072,-102.7,19010.0,1379.0
21.483,-30,6,0.0,7.909,8.884,908.8,710.0,0.4832,0.8591,226000.0,-3009000.0,3713000.0,17320.0,5.871,-0.5139,0.0698,5.048,-93.47,19200.0,1328.0
21.5985,-30,6,0.0,7.909,8.93,906.7,710.3,0.4834,0.8613,224300.0,-2873000.0,3727000.0,16670.0,5.841,-0.5061,0.1149,5.078,-75.53,19450.0,1272.0
21.714,-30,6,0.0,7.908,8.987,904.0,710.4,0.4827,0.8624,221700.0,-2727000.0,3742000.0,16030.0,5.804,-0.4891,0.1755,5.116,-56.06,19750.0,1220.0
21.8295,-30,6,0.0,7.908,9.0,903.0,710.4,0.483,0.8616,220800.0,-2578000.0,3757000.0,15430.0,5.794,-0.4459,0.2703,5.142,-32.68,20070.0,1173.0
21.945,-30,6,0.0,7.907,8.944,904.3,710.2,0.4848,0.8599,223100.0,-2425000.0,3771000.0,14860.0,5.83,-0.3979,0.3494,5.19,-4.209,20390.0,1141.0
22.0605,-30,6,0.0,7.906,8.909,906.2,709.9,0.4848,0.8589,224600.0,-2253000.0,3783000.0,14190.0,5.853,-0.3615,0.3901,5.192,31.9,20710.0,1120.0
22.176,-30,6,0.0,7.905,8.9,907.1,709.7,0.4831,0.8578,224700.0,-2043000.0,3792000.0,13160.0,5.858,-0.3235,0.42,5.171,62.48,21040.0,1096.0
22.2915,-30,6,0.0,7.905,8.893,905.6,709.4,0.4812,0.8565,224700.0,-1788000.0,3800000.0,11630.0,5.862,-0.2815,0.448,5.157,80.45,21340.0,1072.0
22.407,-30,6,0.0,7.904,8.879,903.5,709.1,0.4796,0.8548,224900.0,-1491000.0,3810000.0,9723.0,5.871,-0.2391,0.4731,5.159,89.38,21560.0,1046.0
22.5225,-30,6,0.0,7.904,8.852,904.7,708.8,0.4783,0.8528,225700.0,-1173000.0,3823000.0,7592.0,5.889,-0.201,0.4926,5.163,89.66,21700.0,1016.0
22.638,-30,6,0.0,7.904,8.825,908.3,708.4,0.4767,0.8502,226400.0,-856400.0,3837000.0,5535.0,5.907,-0.1675,0.5057,5.153,82.84,21770.0,999.1
22.7535,-30,6,0.0,7.904,8.801,908.9,708.3,0.4759,0.8484,227200.0,-554400.0,3850000.0,3649.0,5.923,-0.1328,0.5146,5.128,59.26,21760.0,1009.0
22.869,-30,6,0.0,7.904,8.782,907.8,708.2,0.4755,0.8472,227900.0,-264500.0,3862000.0,1860.0,5.936,-0.09277,0.5217,5.101,30.94,21660.0,1040.0
22.9845,-30,6,0.0,7.905,8.767,907.2,708.1,0.4753,0.8463,228400.0,30000.0,3872000.0,7.221,5.947,-0.04596,0.5282,5.095,4.783,21490.0,1070.0
23.1,-30,6,0.0,7.905,8.757,907.8,708.1,0.4753,0.8459,228800.0,343200.0,3878000.0,-2196.0,5.953,0.005402,0.5336,5.122,-15.03,21260.0,1090.0
23.2155,-30,6,0.0,7.906,8.754,910.0,708.2,0.4755,0.8459,229000.0,681700.0,3878000.0,-4787.0,5.956,0.05639,0.5358,5.169,-31.6,21010.0,1104.0
23.331,-30,6,0.0,7.906,8.756,910.8,708.4,0.4762,0.8466,229200.0,1034000.0,3874000.0,-7625.0,5.956,0.102,0.5326,5.203,-45.22,20740.0,1106.0
23.4465,-30,6,0.0,7.907,8.762,909.1,708.7,0.4772,0.8477,229200.0,1380000.0,3869000.0,-10460.0,5.951,0.1401,0.5231,5.199,-57.11,20460.0,1117.0
23.562,-30,6,0.0,7.907,8.775,907.7,709.0,0.4787,0.8497,229000.0,1700000.0,3863000.0,-13030.0,5.943,0.1729,0.5077,5.157,-69.4,20180.0,1143.0
23.6775,-30,6,0.0,7.908,8.793,908.2,709.2,0.4799,0.8516,228600.0,1984000.0,3855000.0,-15230.0,5.931,0.2071,0.4872,5.101,-82.55,19930.0,1166.0
23.793,-30,6,0.0,7.908,8.81,910.2,709.4,0.4813,0.8536,228300.0,2236000.0,3844000.0,-17130.0,5.92,0.2451,0.4645,5.069,-93.43,19700.0,1194.0
23.9085,-30,6,0.0,7.909,8.832,911.0,709.8,0.4828,0.8558,227800.0,2469000.0,3833000.0,-18930.0,5.906,0.2855,0.4416,5.088,-96.71,19520.0,1220.0
24.024,-30,6,0.0,7.909,8.864,909.0,710.1,0.4839,0.8583,226900.0,2698000.0,3819000.0,-20780.0,5.885,0.3267,0.418,5.152,-95.88,19410.0,1234.0
24.1395,-30,6,0.0,7.909,8.91,906.8,710.3,0.4842,0.8604,225100.0,2927000.0,3803000.0,-22780.0,5.855,0.3678,0.388,5.218,-86.88,19360.0,1248.0
24.255,-30,6,0.0,7.908,8.966,905.4,710.4,0.4836,0.8614,222500.0,3149000.0,3787000.0,-24770.0,5.818,0.4146,0.333,5.223,-72.51,19370.0,1258.0
24.3705,-30,6,0.0,7.908,8.973,905.5,710.4,0.4841,0.8606,221900.0,3346000.0,3772000.0,-26520.0,5.813,0.4716,0.236,5.184,-46.96,19440.0,1265.0
24.486,-30,6,0.0,7.907,8.918,906.5,710.3,0.4858,0.8591,224200.0,3499000.0,3762000.0,-27870.0,5.848,0.5055,0.1518,5.158,-9.265,19530.0,1279.0
24.6015,-30,6,0.0,7.907,8.891,907.2,710.2,0.4854,0.8583,225400.0,3599000.0,3757000.0,-28680.0,5.866,0.5142,0.1011,5.106,38.21,19680.0,1292.0
24.717,-30,6,0.0,7.907,8.888,907.4,710.1,0.4836,0.8574,225300.0,3650000.0,3753000.0,-28980.0,5.867,0.5177,0.05929,5.075,76.2,19910.0,1297.0
24.8325,-30,6,0.0,7.906,8.886,906.4,709.9,0.4816,0.8563,225000.0,3670000.0,3745000.0,-29010.0,5.868,0.5228,0.01772,5.094,94.77,20170.0,1302.0
24.948,-30,6,0.0,7.906,8.877,905.4,709.7,0.4799,0.8548,225100.0,3674000.0,3731000.0,-29060.0,5.874,0.5284,-0.02472,5.146,97.02,20410.0,1301.0
25.0635,-30,6,0.0,7.865,8.866,776.0,708.8,0.4786,0.8529,225700.0,3530000.0,5451000.0,-31130.0,5.888,0.5478,0.1218,5.444,4958.0,20710.0,1154.0
25.179,-30,6,0.0,7.883,8.833,829.7,702.6,0.4866,0.8529,226800.0,3570000.0,4691000.0,-25170.0,5.903,0.5858,-0.01536,5.669,4312.0,20800.0,1263.0
25.2945,-30,6,0.0,7.87,8.801,971.0,698.0,0.4911,0.8503,227300.0,3555000.0,5025000.0,-31040.0,5.918,0.6138,-0.01364,5.923,3314.0,20800.0,2142.0
25.41,-30,6,0.0,7.888,8.811,912.3,695.3,0.5057,0.8483,227300.0,3734000.0,4454000.0,-23800.0,5.924,0.6072,-0.08758,5.912,-281.0,20840.0,1011.0
25.5255,-30,6,0.0,7.893,8.812,1027.0,695.9,0.5153,0.8471,227400.0,3897000.0,5020000.0,-31820.0,5.93,0.5879,-0.05921,5.69,1304.0,21190.0,2236.0
25.641,-30,6,0.0,7.876,8.796,834.5,699.3,0.5201,0.8492,228300.0,3776000.0,4951000.0,-35050.0,5.935,0.4942,-0.2061,5.155,2940.0,22070.0,2234.0
25.7565,-30,6,0.0,7.892,8.804,788.4,697.4,0.5247,0.8507,228300.0,3498000.0,4372000.0,-28530.0,5.93,0.4018,-0.3036,4.854,2583.0,21820.0,1981.0
25.872,-30,6,0.0,7.89,8.807,974.0,695.2,0.5252,0.8534,228900.0,3019000.0,4025000.0,-24530.0,5.928,0.3242,-0.4207,5.12,1940.0,20320.0,2737.0
25.9875,-30,6,0.0,7.891,8.827,914.0,695.8,0.5244,0.8524,228000.0,2580000.0,3830000.0,-14320.0,5.92,0.3133,-0.4565,5.344,1080.0,21940.0,1119.0
26.103,-30,6,0.0,7.91,8.856,983.3,697.5,0.5233,0.8578,228400.0,2132000.0,3986000.0,-13070.0,5.907,0.3284,-0.4218,5.171,1838.0,21640.0,1669.0
26.2185,-30,6,0.0,7.894,8.865,890.1,701.7,0.5204,0.8593,228200.0,1873000.0,3674000.0,-12320.0,5.899,0.3259,-0.4262,5.197,1810.0,21560.0,1890.0
26.334,-30,6,0.0,7.902,8.875,782.7,702.0,0.5204,0.8605,228000.0,1730000.0,3426000.0,-14390.0,5.892,0.2834,-0.4042,4.789,1966.0,21390.0,1473.0
26.4495,-30,6,0.0,7.903,8.896,926.4,700.1,0.5233,0.8646,228200.0,1653000.0,3249000.0,-14850.0,5.881,0.1928,-0.47,4.938,1586.0,21130.0,2218.0
26.565,-30,6,0.0,7.899,8.92,955.5,700.9,0.5227,0.8637,226700.0,1535000.0,3249000.0,-14150.0,5.864,0.07918,-0.5159,5.087,1557.0,21440.0,1702.0
26.6805,-30,6,0.0,7.913,8.972,951.5,703.2,0.5236,0.867,225400.0,1045000.0,3137000.0,-13050.0,5.836,-0.04019,-0.582,5.708,1600.0,21490.0,1569.0
26.796,-30,6,0.0,7.911,9.017,926.1,706.8,0.521,0.8646,222600.0,543900.0,2941000.0,-8353.0,5.808,-0.1661,-0.6112,6.224,1817.0,21550.0,2084.0
26.9115,-30,6,0.0,7.907,9.001,801.9,708.1,0.5229,0.8634,222900.0,-121000.0,2766000.0,-5907.0,5.816,-0.2852,-0.5702,6.256,1894.0,20890.0,1669.0
27.027,-30,6,0.0,7.91,8.94,882.6,706.2,0.5251,0.8596,225100.0,-528200.0,2623000.0,-2871.0,5.857,-0.3505,-0.5128,6.054,1987.0,21540.0,1927.0
27.1425,-30,6,0.0,7.904,8.91,971.2,706.2,0.5249,0.8571,225800.0,-731100.0,2544000.0,-2754.0,5.875,-0.369,-0.3973,5.273,1910.0,21270.0,2155.0
27.258,-30,6,0.0,7.913,8.912,950.6,708.2,0.5262,0.8556,225800.0,-907000.0,2436000.0,-4757.0,5.879,-0.4087,-0.3439,5.191,1975.0,20740.0,2075.0
27.3735,-30,6,0.0,7.919,8.918,933.2,710.9,0.5264,0.8546,225400.0,-959400.0,2346000.0,-4519.0,5.879,-0.4818,-0.289,5.459,2008.0,20980.0,2723.0
27.489,-30,6,0.0,7.914,8.912,852.3,712.7,0.5269,0.8567,226100.0,-1263000.0,2318000.0,-5066.0,5.881,-0.5771,-0.2808,6.229,1975.0,20420.0,2924.0
27.6045,-30,6,0.0,7.915,8.9,869.0,711.9,0.5241,0.8547,226200.0,-1575000.0,2319000.0,-3360.0,5.888,-0.6625,-0.2677,6.919,1994.0,20550.0,2987.0
27.72,-30,6,0.0,7.916,8.891,967.9,711.6,0.5215,0.8542,226600.0,-2050000.0,2309000.0,-1722.0,5.895,-0.7037,-0.2149,7.115,1869.0,20570.0,3199.0
27.8355,-30,6,0.0,7.921,8.888,975.8,713.9,0.5198,0.8523,226500.0,-2490000.0,2296000.0,-313.1,5.9,-0.7057,-0.1401,6.952,1918.0,20540.0,3282.0
27.951,-30,6,0.0,7.927,8.886,919.3,716.9,0.5196,0.8515,226700.0,-2802000.0,2276000.0,693.3,5.906,-0.6696,-0.003767,6.469,1874.0,20370.0,3466.0
28.0665,-30,6,0.0,7.927,8.877,888.9,718.7,0.5206,0.8522,227200.0,-2966000.0,2259000.0,-17.82,5.911,-0.6366,0.1092,6.236,1835.0,20400.0,3863.0
28.182,-30,6,0.0,7.922,8.876,878.8,718.9,0.521,0.8529,227400.0,-2900000.0,2237000.0,-809.3,5.91,-0.6199,0.2226,6.359,1921.0,20350.0,3725.0
28.2975,-30,6,0.0,7.928,8.888,950.1,718.8,0.5225,0.8557,227600.0,-2876000.0,2223000.0,-2102.0,5.904,-0.6332,0.2807,6.691,1851.0,20010.0,3587.0
28.413,-30,6,0.0,7.93,8.91,992.2,720.9,0.5231,0.8588,227600.0,-2861000.0,2229000.0,-1895.0,5.892,-0.6601,0.3132,7.068,1982.0,20310.0,3726.0
28.5285,-30,6,0.0,7.935,8.937,918.2,723.9,0.5241,0.8624,227300.0,-3088000.0,2273000.0,-1297.0,5.877,-0.6692,0.3473,7.311,1875.0,20270.0,3477.0
28.644,-30,6,0.0,7.936,8.959,899.0,725.4,0.524,0.8651,226900.0,-3320000.0,2340000.0,626.8,5.862,-0.6454,0.3887,7.323,1869.0,20270.0,3910.0
28.7595,-30,6,0.0,7.929,8.977,888.0,725.7,0.5249,0.8668,226300.0,-3538000.0,2402000.0,1602.0,5.848,-0.5726,0.4866,7.321,1803.0,20640.0,3880.0
28.875,-30,6,0.0,7.934,8.996,941.9,725.3,0.5268,0.8682,225700.0,-3594000.0,2461000.0,1885.0,5.837,-0.4761,0.5855,7.367,1756.0,20660.0,3707.0
28.9905,-30,6,0.0,7.935,9.02,992.3,726.8,0.5289,0.8697,225100.0,-3425000.0,2518000.0,1971.0,5.823,-0.3733,0.6963,7.726,1866.0,20680.0,3830.0
29.106,-30,6,0.0,7.939,9.055,931.8,729.3,0.5304,0.8712,223900.0,-3222000.0,2590000.0,458.1,5.803,-0.2926,0.7664,8.047,1873.0,20950.0,3519.0
29.2215,-30,6,0.0,7.94,9.101,900.3,730.6,0.5302,0.8728,222000.0,-2910000.0,2663000.0,538.8,5.773,-0.2322,0.8058,8.264,2075.0,20920.0,3625.0
29.337,-30,6,0.0,7.933,9.139,890.5,730.4,0.5297,0.872,219800.0,-2746000.0,2757000.0,-127.7,5.747,-0.1679,0.8452,8.528,2059.0,20960.0,3592.0
29.4525,-30,6,0.0,7.933,9.112,927.5,729.4,0.5324,0.8692,220400.0,-2627000.0,2867000.0,857.9,5.764,-0.07662,0.8868,8.779,2122.0,21070.0,3622.0
29.568,-30,6,0.0,7.934,9.057,976.1,729.6,0.5346,0.8666,222600.0,-2613000.0,2991000.0,2182.0,5.801,0.03221,0.9173,8.991,2076.0,20970.0,3862.0
29.6835,-30,6,0.0,7.936,9.039,952.6,731.0,0.534,0.8644,222900.0,-2574000.0,3117000.0,3527.0,5.813,0.1552,0.9285,9.199,2041.0,20840.0,4106.0
29.799,-30,6,0.0,7.937,9.039,908.1,732.0,0.5338,0.8632,222700.0,-2393000.0,3240000.0,4271.0,5.814,0.2993,0.9597,9.811,2080.0,20880.0,4382.0
29.9145,-30,6,0.0,7.935,9.035,906.6,731.7,0.5327,0.8613,222300.0,-2064000.0,3350000.0,2747.0,5.815,0.4353,0.971,10.37,2060.0,20820.0,4512.0
30.03,-30,6,0.0,7.934,9.025,933.0,731.1,0.5312,0.8596,222200.0,-1560000.0,3467000.0,948.6,5.82,0.5474,0.9513,10.68,2156.0,20630.0,4489.0
30.1455,-30,6,0.0,7.937,9.011,964.7,731.2,0.5299,0.857,222400.0,-1112000.0,3598000.0,-2124.0,5.831,0.623,0.8885,10.54,2141.0,20710.0,4500.0
30.261,-30,6,0.0,7.939,9.001,961.7,732.5,0.5285,0.856,222800.0,-717000.0,3735000.0,-2735.0,5.839,0.6782,0.7877,10.09,2162.0,20410.0,4697.0
30.3765,-30,6,0.0,7.939,8.993,914.4,733.7,0.5281,0.8557,223100.0,-501600.0,3889000.0,-2944.0,5.845,0.7373,0.6894,9.798,2091.0,20150.0,4875.0
30.492,-30,6,0.0,7.939,8.991,909.0,733.6,0.528,0.8567,223400.0,-323000.0,4044000.0,-1943.0,5.846,0.8136,0.5969,9.793,2026.0,19910.0,5154.0
30.6075,-30,6,0.0,7.937,8.995,939.0,733.2,0.5283,0.8586,223700.0,-105300.0,4191000.0,-1728.0,5.842,0.9145,0.5375,10.29,1974.0,19540.0,5233.0
30.723,-30,6,0.0,7.94,9.01,964.4,733.5,0.5284,0.8606,223500.0,210400.0,4323000.0,-3586.0,5.834,1.017,0.4829,10.93,1943.0,19370.0,5184.0
30.8385,-30,6,0.0,7.943,9.031,962.6,734.9,0.5289,0.8637,223400.0,677900.0,4446000.0,-6372.0,5.822,1.104,0.4203,11.47,1953.0,19260.0,5252.0
30.954,-30,6,0.0,7.943,9.052,924.3,736.2,0.5293,0.8663,223000.0,1165000.0,4556000.0,-11250.0,5.808,1.152,0.325,11.65,1964.0,19260.0,5223.0
31.0695,-30,6,0.0,7.942,9.073,906.6,736.4,0.5303,0.8694,222700.0,1667000.0,4666000.0,-15020.0,5.794,1.161,0.1899,11.48,1984.0,19170.0,5197.0
31.185,-30,6,0.0,7.94,9.097,933.0,735.8,0.532,0.8718,222100.0,2026000.0,4777000.0,-18500.0,5.777,1.147,0.03627,11.24,1987.0,19270.0,5248.0
31.3005,-30,6,0.0,7.941,9.124,957.2,735.8,0.5348,0.8742,221400.0,2276000.0,4881000.0,-19520.0,5.761,1.132,-0.124,11.18,2012.0,19220.0,5163.0
31.416,-30,6,0.0,7.943,9.151,959.6,736.5,0.538,0.8772,221000.0,2420000.0,4980000.0,-19480.0,5.745,1.132,-0.2539,11.42,2031.0,19180.0,5183.0
31.5315,-30,6,0.0,7.942,9.185,930.5,737.4,0.5401,0.8804,220100.0,2561000.0,5063000.0,-19660.0,5.724,1.143,-0.3604,11.83,2086.0,19290.0,5279.0
31.647,-30,6,0.0,7.941,9.228,906.3,737.3,0.5406,0.8834,218700.0,2802000.0,5125000.0,-21270.0,5.696,1.157,-0.4476,12.29,2108.0,19350.0,5259.0
31.7625,-30,6,0.0,7.938,9.283,926.2,736.3,0.5391,0.8838,216200.0,3122000.0,5165000.0,-25640.0,5.661,1.154,-0.5519,12.73,2142.0,19550.0,5357.0
31.878,-30,6,0.0,7.936,9.317,945.8,735.7,0.5397,0.882,214100.0,3515000.0,5192000.0,-30160.0,5.639,1.131,-0.7111,13.33,2138.0,19770.0,5433.0
31.9935,-30,6,0.0,7.937,9.27,950.0,735.5,0.5429,0.8776,215200.0,3816000.0,5209000.0,-34520.0,5.668,1.069,-0.9028,13.86,2171.0,19900.0,5589.0
32.109,-30,6,0.0,7.937,9.215,931.8,735.6,0.544,0.8739,216900.0,4001000.0,5220000.0,-35770.0,5.702,0.9529,-1.067,14.09,2217.0,19950.0,5777.0
32.2245,-30,6,0.0,7.935,9.199,914.3,735.1,0.5435,0.8711,216800.0,4024000.0,5219000.0,-34880.0,5.711,0.8245,-1.194,14.26,2285.0,20060.0,5926.0
32.34,-30,6,0.0,7.933,9.199,924.7,734.0,0.5435,0.8692,216300.0,3956000.0,5191000.0,-32720.0,5.71,0.7066,-1.292,14.46,2351.0,20090.0,6014.0
32.4555,-30,6,0.0,7.933,9.198,944.3,733.1,0.5433,0.8678,215900.0,3890000.0,5136000.0,-30500.0,5.71,0.6066,-1.353,14.56,2355.0,20050.0,6062.0
32.571,-30,6,0.0,7.933,9.194,946.9,732.9,0.5421,0.8665,215800.0,3861000.0,5060000.0,-30150.0,5.713,0.5083,-1.391,14.53,2354.0,20020.0,6202.0
32.6865,-30,6,0.0,7.934,9.182,930.9,732.9,0.5405,0.8655,216200.0,3923000.0,4969000.0,-30420.0,5.721,0.395,-1.418,14.43,2270.0,19850.0,6375.0
32.802,-30,6,0.0,7.932,9.174,919.7,732.5,0.5382,0.8646,216300.0,3991000.0,4861000.0,-32120.0,5.725,0.2532,-1.454,14.46,2194.0,19650.0,6600.0
32.9175,-30,6,0.0,7.931,9.169,922.8,731.7,0.5369,0.8643,216300.0,4023000.0,4742000.0,-32650.0,5.726,0.08184,-1.505,14.74,2101.0,19450.0,6712.0
33.033,-30,6,0.0,7.932,9.169,943.5,731.0,0.5363,0.8644,216300.0,3924000.0,4618000.0,-31410.0,5.726,-0.1017,-1.551,15.19,2061.0,19160.0,6731.0
33.1485,-30,6,0.0,7.932,9.175,947.1,731.1,0.5361,0.8652,216200.0,3680000.0,4493000.0,-28190.0,5.723,-0.2801,-1.579,15.65,2078.0,18900.0,6635.0
33.264,-30,6,0.0,7.933,9.187,930.3,731.3,0.5367,0.8674,216200.0,3353000.0,4359000.0,-23550.0,5.715,-0.4359,-1.565,15.87,2105.0,18680.0,6513.0
33.3795,-30,6,0.0,7.932,9.205,916.1,731.1,0.5376,0.8711,216200.0,3006000.0,4213000.0,-19900.0,5.703,-0.5691,-1.512,15.82,2152.0,18420.0,6433.0
33.495,-30,6,0.0,7.929,9.23,914.6,730.4,0.5393,0.8754,216000.0,2747000.0,4053000.0,-17450.0,5.686,-0.6899,-1.43,15.6,2143.0,18200.0,6326.0
33.6105,-30,6,0.0,7.928,9.264,932.2,729.5,0.5418,0.8803,215600.0,2557000.0,3886000.0,-16930.0,5.665,-0.8144,-1.339,15.46,2131.0,17990.0,6337.0
33.726,-30,6,0.0,7.928,9.301,939.1,729.1,0.5444,0.8845,214900.0,2405000.0,3717000.0,-16630.0,5.642,-0.9565,-1.258,15.65,2092.0,17810.0,6370.0
33.8415,-30,6,0.0,7.928,9.336,928.3,728.9,0.547,0.8878,214100.0,2195000.0,3552000.0,-15760.0,5.621,-1.113,-1.186,16.13,2081.0,17670.0,6405.0
33.957,-30,6,0.0,7.926,9.366,915.1,728.4,0.549,0.8908,213300.0,1876000.0,3388000.0,-13830.0,5.601,-1.269,-1.112,16.77,2110.0,17670.0,6456.0
34.0725,-30,6,0.0,7.924,9.403,911.2,727.4,0.5502,0.8931,212100.0,1460000.0,3224000.0,-11050.0,5.578,-1.406,-1.015,17.27,2164.0,17750.0,6432.0
34.188,-30,6,0.0,7.922,9.45,921.4,726.3,0.5503,0.8944,210200.0,980600.0,3051000.0,-8684.0,5.549,-1.516,-0.8838,17.55,2246.0,17880.0,6430.0
34.3035,-30,6,0.0,7.92,9.505,926.8,725.3,0.5504,0.8938,207600.0,539400.0,2865000.0,-6939.0,5.516,-1.613,-0.7172,17.75,2311.0,18070.0,6514.0
34.419,-30,6,0.0,7.918,9.524,916.7,724.4,0.5538,0.8915,206200.0,164900.0,2665000.0,-6070.0,5.505,-1.725,-0.528,18.14,2372.0,18170.0,6679.0
34.5345,-30,6,0.0,7.916,9.462,905.8,723.2,0.5582,0.8877,207900.0,-109900.0,2466000.0,-4911.0,5.539,-1.822,-0.3335,18.49,2413.0,18230.0,6912.0
34.65,-30,6,0.0,7.913,9.42,907.5,721.7,0.5592,0.8852,209000.0,-333300.0,2303000.0,-4979.0,5.562,-1.872,-0.1508,18.66,2453.0,18290.0,7150.0
34.7655,-30,6,0.0,7.912,9.421,918.7,720.1,0.5587,0.8836,208500.0,-577400.0,2196000.0,-5270.0,5.561,-1.909,0.01257,18.95,2476.0,18380.0,7371.0
34.881,-30,6,0.0,7.911,9.431,924.1,719.0,0.558,0.8818,207600.0,-888600.0,2129000.0,-4995.0,5.554,-1.935,0.1711,19.28,2468.0,18510.0,7592.0
34.9965,-30,6,0.0,7.91,9.434,915.0,718.1,0.5565,0.8797,206900.0,-1289000.0,2078000.0,-4308.0,5.552,-1.938,0.3391,19.52,2447.0,18600.0,7806.0
35.112,-30,6,0.0,7.909,9.424,903.6,717.1,0.5543,0.8768,206600.0,-1703000.0,2031000.0,-3429.0,5.556,-1.905,0.5284,19.59,2415.0,18640.0,7990.0
35.2275,-30,6,0.0,7.907,9.408,904.3,715.8,0.5519,0.874,206500.0,-2073000.0,1987000.0,-3132.0,5.564,-1.832,0.7342,19.53,2370.0,18600.0,8126.0
35.343,-30,6,0.0,7.906,9.398,913.8,714.5,0.5505,0.8722,206500.0,-2331000.0,1937000.0,-3427.0,5.569,-1.737,0.9443,19.55,2320.0,18480.0,8199.0
35.4585,-30,6,0.0,7.906,9.394,918.1,713.6,0.5502,0.872,206500.0,-2490000.0,1881000.0,-4192.0,5.571,-1.634,1.141,19.68,2279.0,18240.0,8178.0
35.574,-30,6,0.0,7.906,9.398,911.6,713.0,0.5502,0.8735,206600.0,-2594000.0,1827000.0,-5109.0,5.568,-1.533,1.307,19.89,2257.0,17940.0,8103.0
35.6895,-30,6,0.0,7.904,9.412,899.5,712.2,0.5498,0.8766,206700.0,-2702000.0,1788000.0,-5754.0,5.559,-1.433,1.445,20.1,2245.0,17660.0,7984.0
35.805,-30,6,0.0,7.902,9.435,895.9,711.2,0.5495,0.8809,206600.0,-2866000.0,1771000.0,-6090.0,5.544,-1.323,1.561,20.26,2221.0,17360.0,7839.0
35.9205,-30,6,0.0,7.9,9.463,902.3,709.9,0.5496,0.8852,206200.0,-3068000.0,1774000.0,-6100.0,5.525,-1.188,1.672,20.37,2190.0,17110.0,7715.0
36.036,-30,6,0.0,7.899,9.496,905.9,708.8,0.551,0.8896,205700.0,-3283000.0,1792000.0,-6087.0,5.505,-1.021,1.789,20.51,2156.0,16870.0,7595.0
36.1515,-30,6,0.0,7.898,9.532,902.3,707.9,0.5538,0.8941,205200.0,-3431000.0,1817000.0,-6163.0,5.484,-0.8254,1.908,20.76,2147.0,16650.0,7499.0
36.267,-30,6,0.0,7.896,9.567,892.4,706.8,0.557,0.898,204400.0,-3478000.0,1846000.0,-6591.0,5.462,-0.6147,2.021,21.15,2168.0,16460.0,7377.0
36.3825,-30,6,0.0,7.893,9.599,888.1,705.4,0.56,0.9011,203700.0,-3415000.0,1877000.0,-7232.0,5.443,-0.4048,2.109,21.53,2227.0,16320.0,7234.0
36.498,-30,6,0.0,7.891,9.632,891.6,703.9,0.5626,0.9043,202900.0,-3284000.0,1914000.0,-7753.0,5.422,-0.204,2.159,21.8,2313.0,16240.0,7110.0
36.6135,-30,6,0.0,7.888,9.677,893.1,702.3,0.5648,0.9075,201700.0,-3159000.0,1967000.0,-8176.0,5.396,-0.01198,2.172,21.93,2386.0,16230.0,7058.0
36.729,-30,6,0.0,7.886,9.733,888.3,700.8,0.5662,0.9097,199700.0,-3075000.0,2038000.0,-8129.0,5.364,0.1833,2.165,22.05,2438.0,16250.0,7145.0
36.8445,-30,6,0.0,7.882,9.794,879.0,699.2,0.5679,0.91,197200.0,-3039000.0,2126000.0,-7730.0,5.329,0.3998,2.162,22.42,2454.0,16270.0,7335.0
36.96,-30,6,0.0,7.879,9.804,875.5,697.1,0.5725,0.9077,196200.0,-2994000.0,2224000.0,-7244.0,5.321,0.6513,2.184,23.19,2470.0,16310.0,7593.0
37.0755,-30,6,0.0,7.876,9.739,880.7,695.0,0.5767,0.9037,197800.0,-2889000.0,2325000.0,-6926.0,5.355,0.9093,2.181,23.81,2502.0,16380.0,7858.0
37.191,-30,6,0.0,7.874,9.706,887.1,693.0,0.577,0.9004,198300.0,-2683000.0,2428000.0,-6935.0,5.372,1.143,2.119,24.14,2568.0,16480.0,8109.0
37.3065,-30,6,0.0,7.873,9.71,884.6,691.3,0.5762,0.8975,197400.0,-2387000.0,2536000.0,-7400.0,5.368,1.354,2.019,24.36,2632.0,16640.0,8372.0
37.422,-30,6,0.0,7.871,9.718,874.4,689.7,0.5755,0.8944,196300.0,-2048000.0,2657000.0,-8081.0,5.363,1.542,1.883,24.42,2664.0,16800.0,8650.0
37.5375,-30,6,0.0,7.868,9.717,867.8,687.9,0.5748,0.8913,195500.0,-1715000.0,2795000.0,-8524.0,5.361,1.708,1.717,24.31,2657.0,16860.0,8908.0
37.653,-30,6,0.0,7.866,9.707,872.0,685.9,0.5738,0.8884,195200.0,-1434000.0,2951000.0,-8666.0,5.365,1.858,1.53,24.16,2605.0,16850.0,9140.0
37.7685,-30,6,0.0,7.865,9.698,879.8,684.2,0.5722,0.8865,195000.0,-1194000.0,3118000.0,-8314.0,5.369,1.998,1.336,24.11,2524.0,16750.0,9346.0
37.884,-30,6,0.0,7.864,9.698,878.5,682.8,0.5706,0.8861,194900.0,-963000.0,3288000.0,-7984.0,5.368,2.136,1.146,24.3,2429.0,16570.0,9476.0
37.9995,-30,6,0.0,7.863,9.705,869.6,681.6,0.569,0.8871,194700.0,-683900.0,3458000.0,-8166.0,5.363,2.267,0.9572,24.65,2355.0,16360.0,9514.0
38.115,-30,6,0.0,7.861,9.717,862.1,680.2,0.5672,0.889,194500.0,-326400.0,3624000.0,-9247.0,5.355,2.381,0.7616,25.03,2312.0,16150.0,9445.0
38.2305,-30,6,0.0,7.859,9.736,862.0,678.7,0.5652,0.8916,194200.0,98280.0,3781000.0,-11290.0,5.342,2.465,0.5467,25.3,2293.0,15950.0,9276.0
38.346,-30,6,0.0,7.857,9.76,865.7,677.1,0.5642,0.8949,193800.0,543300.0,3935000.0,-13730.0,5.327,2.513,0.3076,25.42,2284.0,15750.0,9063.0
38.4615,-30,6,0.0,7.855,9.789,863.8,675.7,0.5646,0.8989,193400.0,945100.0,4088000.0,-15950.0,5.31,2.525,0.04902,25.44,2279.0,15520.0,8832.0
38.577,-30,6,0.0,7.852,9.822,855.4,674.3,0.5669,0.9038,193000.0,1276000.0,4241000.0,-17360.0,5.291,2.513,-0.2153,25.49,2283.0,15240.0,8589.0
38.6925,-30,6,0.0,7.849,9.862,849.1,672.6,0.5709,0.9099,192600.0,1542000.0,4389000.0,-18160.0,5.267,2.486,-0.4705,25.66,2297.0,14980.0,8349.0
38.808,-30,6,0.0,7.846,9.907,849.1,670.7,0.5752,0.9159,192000.0,1790000.0,4526000.0,-18850.0,5.242,2.454,-0.7091,25.98,2322.0,14750.0,8109.0
38.9235,-30,6,0.0,7.843,9.95,852.0,668.7,0.5782,0.9206,191200.0,2062000.0,4648000.0,-20300.0,5.217,2.41,-0.9322,26.35,2357.0,14590.0,7897.0
39.039,-30,6,0.0,7.841,9.994,850.0,666.8,0.5807,0.9246,190300.0,2382000.0,4755000.0,-22780.0,5.193,2.345,-1.149,26.69,2400.0,14500.0,7762.0
39.1545,-30,6,0.0,7.837,10.04,841.4,664.8,0.5829,0.9277,188900.0,2736000.0,4847000.0,-26010.0,5.165,2.247,-1.369,27.0,2444.0,14500.0,7722.0
39.27,-30,6,0.0,7.833,10.1,833.9,662.6,0.5847,0.9292,186800.0,3080000.0,4922000.0,-29450.0,5.133,2.116,-1.603,27.35,2489.0,14520.0,7770.0
39.3855,-30,6,0.0,7.829,10.16,832.8,660.1,0.5877,0.9285,184400.0,3367000.0,4986000.0,-32110.0,5.101,1.962,-1.854,27.89,2543.0,14560.0,7876.0
39.501,-30,6,0.0,7.826,10.17,835.8,657.6,0.5944,0.9255,183400.0,3566000.0,5037000.0,-33540.0,5.096,1.8,-2.12,28.62,2618.0,14610.0,8027.0
39.6165,-30,6,0.0,7.822,10.1,836.3,655.1,0.6003,0.9215,185000.0,3684000.0,5076000.0,-33700.0,5.129,1.612,-2.344,29.01,2707.0,14650.0,8225.0
39.732,-30,6,0.0,7.82,10.07,832.0,652.7,0.6017,0.9186,185500.0,3751000.0,5098000.0,-33260.0,5.144,1.396,-2.493,29.05,2797.0,14700.0,8487.0
39.8475,-30,6,0.0,7.817,10.08,826.1,650.4,0.6021,0.9164,184500.0,3815000.0,5088000.0,-32950.0,5.137,1.17,-2.601,29.04,2838.0,14790.0,8822.0
39.963,-30,6,0.0,7.814,10.09,823.4,647.9,0.6023,0.9137,183300.0,3904000.0,5045000.0,-33280.0,5.127,0.9342,-2.69,29.05,2819.0,14850.0,9209.0
40.0785,-30,6,0.0,7.851,10.07,996.4,646.6,0.6004,0.9071,181900.0,4118000.0,3182000.0,-33570.0,5.126,0.6886,-2.964,30.7,318.1,14610.0,9928.0
40.194,-30,6,0.0,7.839,10.04,891.9,650.5,0.5725,0.8879,179700.0,4155000.0,3676000.0,-40320.0,5.149,0.3547,-3.023,30.58,-1212.0,15010.0,9879.0
40.3095,-30,6,0.0,7.851,10.04,754.6,652.4,0.521,0.8987,182200.0,4073000.0,3675000.0,-24510.0,5.154,0.04035,-3.079,30.86,-1227.0,15380.0,9575.0
40.425,-30,6,0.0,7.817,9.993,805.6,653.3,0.4714,0.8948,182200.0,3804000.0,3714000.0,-33150.0,5.165,-0.2646,-3.041,30.58,1641.0,15040.0,10670.0
40.5405,-30,6,0.0,7.809,9.988,673.2,650.5,0.4659,0.9001,182700.0,3361000.0,3037000.0,-25980.0,5.157,-0.5373,-3.099,31.37,1527.0,15100.0,9228.0
40.656,-30,6,0.0,7.824,9.995,880.8,644.4,0.4578,0.8987,182300.0,3067000.0,2841000.0,-20120.0,5.155,-0.7668,-2.948,30.58,103.5,13970.0,9124.0
40.7715,-30,6,0.0,7.808,9.988,927.8,643.2,0.4537,0.896,182000.0,2999000.0,3527000.0,-23190.0,5.159,-0.9686,-2.821,30.04,405.5,14270.0,9017.0
40.887,-30,6,0.0,7.809,9.999,752.0,642.6,0.4579,0.9024,182600.0,2987000.0,3621000.0,-18880.0,5.149,-1.175,-2.604,29.02,257.7,15380.0,8667.0
41.0025,-30,6,0.0,7.796,9.972,785.7,640.1,0.46,0.9045,183400.0,3082000.0,3598000.0,-24690.0,5.155,-1.43,-2.489,29.11,1244.0,12680.0,9305.0
41.118,-30,6,0.0,7.777,9.961,698.4,635.6,0.4625,0.9023,182900.0,3031000.0,3207000.0,-26520.0,5.154,-1.72,-2.408,29.87,580.0,13180.0,8444.0
41.2335,-30,6,0.0,7.79,9.97,828.0,628.7,0.4681,0.9078,183600.0,2858000.0,3378000.0,-22280.0,5.147,-2.004,-2.298,30.64,923.1,12830.0,8041.0
41.349,-30,6,0.0,7.777,9.992,904.9,625.8,0.4705,0.9087,182700.0,2433000.0,3436000.0,-17100.0,5.133,-2.238,-2.165,31.24,503.4,12660.0,8220.0
41.4645,-30,6,0.0,7.776,10.01,768.0,624.5,0.4715,0.9086,181900.0,1851000.0,3362000.0,-12870.0,5.122,-2.408,-1.904,30.93,868.4,12950.0,7283.0
41.58,-30,6,0.0,7.773,10.03,745.6,621.3,0.4725,0.9131,182000.0,1299000.0,3119000.0,-7819.0,5.11,-2.521,-1.635,30.46,877.2,12390.0,7301.0
41.6955,-30,6,0.0,7.753,10.04,711.5,616.5,0.4695,0.9117,180500.0,1014000.0,3013000.0,-8124.0,5.093,-2.611,-1.298,29.79,1018.0,12000.0,7286.0
41.811,-30,6,0.0,7.752,10.1,744.0,609.7,0.4715,0.9169,179500.0,869400.0,2972000.0,-9701.0,5.065,-2.701,-1.012,29.66,910.1,12220.0,6939.0
41.9265,-30,6,0.0,7.75,10.16,877.5,604.8,0.4703,0.9167,177100.0,876100.0,2876000.0,-9511.0,5.031,-2.825,-0.7608,30.18,825.3,12520.0,7505.0
42.042,-30,6,0.0,7.742,10.17,784.5,603.2,0.4734,0.9174,176500.0,680400.0,2738000.0,-10240.0,5.021,-2.988,-0.5441,31.17,802.7,11770.0,7173.0
42.1575,-30,6,0.0,7.743,10.11,694.5,599.8,0.476,0.913,177900.0,282100.0,2617000.0,-7341.0,5.053,-3.128,-0.355,31.92,954.3,12400.0,7555.0
42.273,-30,6,0.0,7.73,10.04,719.9,594.5,0.4764,0.9115,179500.0,-201100.0,2626000.0,-3160.0,5.08,-3.169,-0.08988,31.97,990.3,12780.0,7987.0
42.3885,-30,6,0.0,7.72,10.01,728.0,588.8,0.4729,0.9074,179100.0,-793500.0,2672000.0,-1512.0,5.085,-3.124,0.1912,31.61,1028.0,13150.0,7932.0
42.504,-30,6,0.0,7.722,10.01,799.3,583.7,0.4693,0.9014,178100.0,-1194000.0,2668000.0,842.2,5.088,-3.025,0.5533,31.15,1039.0,13830.0,8452.0
42.6195,-30,6,0.0,7.718,9.988,799.7,581.2,0.4709,0.8998,178500.0,-1492000.0,2646000.0,1350.0,5.098,-2.899,0.8927,30.75,994.1,13900.0,8695.0
42.735,-30,6,0.0,7.714,9.955,690.6,578.8,0.4694,0.8954,178500.0,-1603000.0,2637000.0,535.0,5.111,-2.779,1.203,30.65,1083.0,14100.0,8916.0
42.8505,-30,6,0.0,7.709,9.918,678.7,574.1,0.4724,0.896,179700.0,-1645000.0,2619000.0,107.4,5.127,-2.669,1.445,30.63,940.6,14120.0,9294.0
42.966,-30,6,0.0,7.699,9.891,738.7,569.0,0.4707,0.8947,180100.0,-1746000.0,2593000.0,-482.8,5.136,-2.573,1.615,30.6,992.1,14470.0,9410.0
43.0815,-30,6,0.0,7.699,9.879,761.5,565.0,0.4695,0.8945,180400.0,-1991000.0,2566000.0,600.8,5.14,-2.457,1.784,30.57,892.9,14480.0,9091.0
43.197,-30,6,0.0,7.702,9.873,774.9,562.7,0.4675,0.8941,180500.0,-2409000.0,2558000.0,2289.0,5.143,-2.297,1.942,30.32,834.1,14490.0,9618.0
43.3125,-30,6,0.0,7.695,9.864,693.6,561.0,0.4653,0.8935,180600.0,-2833000.0,2568000.0,4194.0,5.146,-2.08,2.164,30.25,792.0,14760.0,9657.0
43.428,-30,6,0.0,7.693,9.848,663.3,557.4,0.4654,0.8939,181000.0,-3162000.0,2573000.0,5078.0,5.15,-1.815,2.387,30.21,656.9,14430.0,9444.0
43.5435,-30,6,0.0,7.684,9.836,717.7,553.3,0.4651,0.8939,181100.0,-3229000.0,2544000.0,4608.0,5.152,-1.535,2.608,30.43,753.7,14330.0,9648.0
43.659,-30,6,0.0,7.683,9.841,736.3,549.9,0.4682,0.8957,181200.0,-3167000.0,2513000.0,2858.0,5.149,-1.266,2.772,30.62,709.7,14350.0,8868.0
43.7745,-30,6,0.0,7.687,9.853,761.3,548.0,0.4702,0.8989,181400.0,-3014000.0,2498000.0,1779.0,5.142,-1.026,2.851,30.51,862.2,13860.0,8584.0
43.89,-30,6,0.0,7.68,9.87,683.9,546.9,0.4724,0.903,181400.0,-2966000.0,2496000.0,954.5,5.131,-0.8053,2.883,30.26,844.7,13700.0,8410.0
44.0055,-30,6,0.0,7.677,9.893,643.8,543.9,0.4727,0.9064,181200.0,-3051000.0,2510000.0,1031.0,5.117,-0.5813,2.871,29.79,844.3,13510.0,8086.0
44.121,-30,6,0.0,7.669,9.907,697.6,540.0,0.4724,0.9092,180900.0,-3191000.0,2529000.0,2363.0,5.106,-0.3275,2.885,29.63,796.7,13110.0,7996.0
44.2365,-30,6,0.0,7.667,9.931,720.0,536.9,0.4728,0.9106,180100.0,-3379000.0,2558000.0,2629.0,5.091,-0.03584,2.909,29.75,653.5,13010.0,7865.0
44.352,-30,6,0.0,7.669,9.972,729.6,534.9,0.4739,0.9128,179200.0,-3415000.0,2576000.0,3137.0,5.072,0.2836,2.958,30.36,709.4,12850.0,7815.0
44.4675,-30,6,0.0,7.666,10.01,692.1,533.7,0.4729,0.913,177700.0,-3308000.0,2581000.0,2140.0,5.049,0.6061,2.988,31.12,686.1,12680.0,7600.0
44.583,-30,6,0.0,7.66,10.04,640.7,531.5,0.4718,0.9121,176300.0,-3019000.0,2573000.0,306.4,5.032,0.9111,2.977,31.75,892.3,12690.0,7510.0
44.6985,-30,6,0.0,7.655,10.0,658.3,528.0,0.474,0.9082,176700.0,-2668000.0,2564000.0,-2029.0,5.049,1.19,2.92,31.98,991.9,12860.0,7353.0
44.814,-30,6,0.0,7.652,9.914,710.3,524.7,0.4776,0.9046,178900.0,-2371000.0,2572000.0,-3451.0,5.091,1.42,2.758,31.35,1096.0,12800.0,7198.0
44.9295,-30,6,0.0,7.65,9.885,704.0,522.7,0.4777,0.9025,179500.0,-2218000.0,2608000.0,-3812.0,5.105,1.62,2.555,30.65,1120.0,12920.0,7402.0
45.045,-30,6,0.0,7.65,9.888,675.6,521.0,0.4764,0.9007,179100.0,-2196000.0,2656000.0,-3350.0,5.104,1.827,2.352,30.26,1024.0,12920.0,7808.0
45.1605,-30,6,0.0,7.645,9.882,649.6,518.9,0.4758,0.8997,178900.0,-2144000.0,2710000.0,-2314.0,5.104,2.053,2.19,30.46,972.0,12830.0,8076.0
45.276,-30,6,0.0,7.641,9.867,650.5,516.0,0.474,0.8969,178600.0,-1992000.0,2761000.0,-3120.0,5.108,2.284,2.04,30.94,866.3,13120.0,8341.0
45.3915,-30,6,0.0,7.64,9.847,695.4,513.3,0.4731,0.8948,178900.0,-1634000.0,2799000.0,-4701.0,5.118,2.493,1.871,31.34,885.5,13260.0,8548.0
45.507,-30,6,0.0,7.64,9.826,701.4,511.8,0.4705,0.8916,179000.0,-1172000.0,2835000.0,-7533.0,5.129,2.654,1.655,31.38,889.8,13630.0,8528.0
45.6225,-30,6,0.0,7.641,9.808,670.2,510.9,0.469,0.8901,179300.0,-693600.0,2880000.0,-10130.0,5.137,2.762,1.374,30.98,924.0,13890.0,8720.0
45.738,-30,6,0.0,7.637,9.793,637.3,509.5,0.468,0.8895,179600.0,-305600.0,2941000.0,-11930.0,5.144,2.829,1.061,30.43,920.3,14010.0,8968.0
45.8535,-30,6,0.0,7.633,9.782,640.3,507.2,0.4675,0.8893,179900.0,-50980.0,3014000.0,-12630.0,5.147,2.873,0.7378,29.96,878.5,14050.0,8933.0
45.969,-30,6,0.0,7.632,9.778,680.9,504.9,0.4681,0.8905,180100.0,125500.0,3103000.0,-12300.0,5.148,2.918,0.4532,29.84,827.4,13980.0,9012.0
46.0845,-30,6,0.0,7.632,9.786,690.1,503.6,0.4688,0.8921,180100.0,274500.0,3184000.0,-12360.0,5.144,2.967,0.2068,30.04,774.9,13940.0,9057.0
46.2,-30,6,0.0,7.633,9.799,665.9,503.0,0.47,0.8951,180300.0,528000.0,3254000.0,-12950.0,5.137,3.008,-0.0105,30.35,745.5,13820.0,8893.0
46.3155,-30,6,0.0,7.631,9.809,641.3,502.1,0.4699,0.8978,180300.0,899600.0,3312000.0,-15280.0,5.129,3.02,-0.2309,30.56,730.5,13900.0,8924.0
46.431,-30,6,0.0,7.627,9.824,630.7,500.5,0.4703,0.9007,180200.0,1380000.0,3357000.0,-18850.0,5.12,2.982,-0.4888,30.55,716.0,13930.0,8809.0
46.5465,-30,6,0.0,7.626,9.842,661.7,498.5,0.4707,0.9027,179900.0,1854000.0,3400000.0,-22510.0,5.109,2.892,-0.7808,30.39,707.6,13950.0,8617.0
46.662,-30,6,0.0,7.625,9.856,682.1,497.3,0.4712,0.9039,179500.0,2217000.0,3453000.0,-24780.0,5.101,2.764,-1.1,30.25,717.7,13930.0,8491.0
46.7775,-30,6,0.0,7.625,9.869,656.8,496.8,0.473,0.9057,179400.0,2422000.0,3513000.0,-25310.0,5.095,2.618,-1.396,30.21,749.3,13760.0,8329.0
46.893,-30,6,0.0,7.623,9.889,633.4,495.9,0.4745,0.908,179100.0,2508000.0,3573000.0,-24580.0,5.083,2.473,-1.651,30.32,824.2,13560.0,8147.0
47.0085,-30,6,0.0,7.619,9.92,630.0,494.3,0.4751,0.9106,178300.0,2595000.0,3625000.0,-23770.0,5.065,2.339,-1.85,30.48,867.5,13420.0,7918.0
47.124,-30,6,0.0,7.617,9.964,646.5,492.5,0.4738,0.9117,176900.0,2748000.0,3660000.0,-24600.0,5.041,2.208,-2.021,30.7,924.7,13340.0,7797.0
47.2395,-30,6,0.0,7.616,9.988,662.7,491.1,0.4737,0.9106,175800.0,3016000.0,3680000.0,-26600.0,5.029,2.068,-2.21,31.04,914.3,13230.0,7702.0
47.355,-30,6,0.0,7.615,9.925,654.0,490.2,0.4769,0.9065,177200.0,3334000.0,3693000.0,-29430.0,5.061,1.888,-2.419,31.23,909.7,13210.0,7776.0
47.4705,-30,6,0.0,7.613,9.85,627.4,489.2,0.4791,0.9029,179100.0,3621000.0,3704000.0,-32010.0,5.098,1.637,-2.613,31.17,903.3,13150.0,7914.0
47.586,-30,6,0.0,7.611,9.825,626.6,487.7,0.4779,0.8999,179300.0,3796000.0,3714000.0,-33110.0,5.109,1.347,-2.783,31.18,913.2,13090.0,7997.0
47.7015,-30,6,0.0,7.609,9.818,646.2,486.0,0.4763,0.897,178900.0,3821000.0,3724000.0,-32360.0,5.112,1.051,-2.927,31.31,970.3,13190.0,8013.0
47.817,-30,6,0.0,7.609,9.809,656.4,484.9,0.4756,0.8946,178700.0,3731000.0,3727000.0,-30210.0,5.116,0.7716,-3.015,31.31,1005.0,13240.0,7992.0
47.9325,-30,6,0.0,7.609,9.795,648.3,484.2,0.4747,0.8925,178800.0,3595000.0,3719000.0,-27940.0,5.124,0.514,-3.043,31.06,1059.0,13240.0,8037.0
48.048,-30,6,0.0,7.608,9.773,626.5,483.5,0.4737,0.891,179300.0,3521000.0,3697000.0,-26270.0,5.135,0.2692,-3.023,30.59,1025.0,13320.0,8104.0
48.1635,-30,6,0.0,7.606,9.756,623.7,482.4,0.4717,0.8898,179600.0,3536000.0,3661000.0,-26420.0,5.142,0.01951,-2.984,30.13,963.5,13300.0,8316.0
48.279,-30,6,0.0,7.604,9.747,636.5,481.1,0.4703,0.8893,179800.0,3615000.0,3612000.0,-27440.0,5.146,-0.2501,-2.956,29.96,849.0,13270.0,8494.0
48.3945,-30,6,0.0,7.605,9.745,653.7,480.2,0.4694,0.889,179800.0,3667000.0,3561000.0,-28040.0,5.148,-0.5405,-2.938,30.13,754.2,13310.0,8619.0
48.51,-30,6,0.0,7.606,9.745,650.3,479.9,0.469,0.8892,179800.0,3596000.0,3516000.0,-27250.0,5.148,-0.8396,-2.918,30.53,720.9,13340.0,8717.0
48.6255,-30,6,0.0,7.606,9.748,627.4,479.8,0.4689,0.8899,179800.0,3380000.0,3475000.0,-24650.0,5.145,-1.126,-2.862,30.87,725.4,13420.0,8682.0
48.741,-30,6,0.0,7.605,9.754,621.5,479.2,0.4689,0.8913,179800.0,3057000.0,3433000.0,-21210.0,5.141,-1.381,-2.751,30.91,784.1,13580.0,8587.0
48.8565,-30,6,0.0,7.603,9.764,630.1,478.3,0.469,0.8931,179700.0,2725000.0,3383000.0,-17910.0,5.135,-1.601,-2.581,30.6,811.8,13710.0,8460.0
48.972,-30,6,0.0,7.603,9.78,640.0,477.6,0.4696,0.8957,179700.0,2450000.0,3324000.0,-15900.0,5.127,-1.793,-2.371,30.11,824.0,13720.0,8380.0
49.0875,-30,6,0.0,7.603,9.802,640.1,477.2,0.471,0.8993,179600.0,2267000.0,3254000.0,-14950.0,5.115,-1.975,-2.155,29.75,786.2,13710.0,8377.0
49.203,-30,6,0.0,7.602,9.825,627.4,476.9,0.4725,0.9028,179400.0,2137000.0,3181000.0,-14680.0,5.103,-2.161,-1.954,29.73,738.2,13620.0,8395.0
49.3185,-30,6,0.0,7.6,9.844,618.3,476.2,0.4736,0.9056,179200.0,1978000.0,3109000.0,-14340.0,5.092,-2.352,-1.775,30.06,709.1,13530.0,8394.0
49.434,-30,6,0.0,7.599,9.864,627.5,475.4,0.4745,0.908,178900.0,1734000.0,3043000.0,-13020.0,5.08,-2.534,-1.596,30.51,709.7,13580.0,8322.0
49.5495,-30,6,0.0,7.598,9.891,638.4,474.7,0.4747,0.91,178200.0,1364000.0,2985000.0,-10910.0,5.066,-2.69,-1.393,30.88,756.5,13660.0,8200.0
49.665,-30,6,0.0,7.598,9.927,632.8,474.3,0.4734,0.9105,177000.0,919600.0,2926000.0,-8330.0,5.047,-2.811,-1.145,31.02,816.1,13760.0,8121.0
49.7805,-30,6,0.0,7.597,9.964,619.8,473.8,0.4717,0.9097,175600.0,476000.0,2854000.0,-6178.0,5.028,-2.904,-0.8546,31.05,881.7,13810.0,8086.0
49.896,-30,6,0.0,7.595,9.958,612.1,473.0,0.4726,0.9068,175100.0,115900.0,2766000.0,-4549.0,5.03,-2.994,-0.5407,31.17,932.9,13800.0,8069.0
50.0115,-30,6,0.0,7.593,9.872,618.0,471.9,0.4777,0.9028,177300.0,-135100.0,2674000.0,-3181.0,5.073,-3.057,-0.2285,31.14,969.2,13660.0,8075.0
50.127,-30,6,0.0,7.592,9.81,632.0,470.9,0.4807,0.9006,179100.0,-320700.0,2606000.0,-2820.0,5.105,-3.065,0.05347,30.99,999.2,13540.0,8098.0
50.2425,-30,6,0.0,7.592,9.798,635.3,470.3,0.48,0.8992,179300.0,-515100.0,2583000.0,-2586.0,5.111,-3.054,0.3022,30.98,1013.0,13460.0,8131.0
50.358,-30,6,0.0,7.592,9.797,623.2,469.9,0.4783,0.8976,179000.0,-793900.0,2593000.0,-1840.0,5.111,-3.03,0.5324,31.04,1006.0,13400.0,8226.0
50.4735,-30,6,0.0,7.591,9.788,612.4,469.3,0.4758,0.8952,178800.0,-1158000.0,2612000.0,-311.9,5.115,-2.979,0.7707,31.03,978.6,13430.0,8343.0
50.589,-30,6,0.0,7.59,9.769,617.9,468.5,0.4733,0.8922,178800.0,-1565000.0,2626000.0,1468.0,5.125,-2.887,1.034,30.89,936.9,13450.0,8408.0
50.7045,-30,6,0.0,7.59,9.74,630.5,467.8,0.4715,0.889,179200.0,-1935000.0,2629000.0,2877.0,5.14,-2.749,1.316,30.66,895.8,13450.0,8491.0
50.82,-30,6,0.0,7.591,9.721,632.9,467.6,0.4706,0.8869,179500.0,-2212000.0,2616000.0,3532.0,5.15,-2.58,1.6,30.52,863.4,13420.0,8534.0
50.9355,-30,6,0.0,7.592,9.709,625.4,467.5,0.4709,0.8863,179900.0,-2379000.0,2587000.0,3472.0,5.157,-2.399,1.858,30.47,851.0,13330.0,8505.0
51.051,-30,6,0.0,7.591,9.703,615.3,467.4,0.4712,0.8868,180200.0,-2471000.0,2547000.0,2991.0,5.159,-2.218,2.069,30.45,853.9,13240.0,8439.0
51.1665,-30,6,0.0,7.591,9.707,615.2,467.1,0.471,0.8881,180300.0,-2560000.0,2514000.0,2531.0,5.157,-2.039,2.232,30.38,850.2,13190.0,8349.0
51.282,-30,6,0.0,7.591,9.719,626.0,466.7,0.4703,0.8899,180200.0,-2697000.0,2496000.0,2591.0,5.151,-1.853,2.363,30.24,828.1,13180.0,8275.0
51.3975,-30,6,0.0,7.591,9.735,629.2,466.6,0.4695,0.8919,180000.0,-2906000.0,2494000.0,3113.0,5.143,-1.643,2.486,30.09,772.2,13190.0,8258.0
51.513,-30,6,0.0,7.591,9.753,621.4,466.7,0.4691,0.8941,179800.0,-3140000.0,2500000.0,3850.0,5.133,-1.403,2.616,30.04,713.2,13210.0,8307.0
51.6285,-30,6,0.0,7.591,9.772,614.1,466.6,0.4698,0.8968,179600.0,-3329000.0,2507000.0,4321.0,5.123,-1.132,2.753,30.16,667.7,13250.0,8308.0
51.744,-30,6,0.0,7.59,9.793,615.7,466.3,0.4713,0.8999,179400.0,-3409000.0,2509000.0,4138.0,5.111,-0.8467,2.877,30.4,666.1,13300.0,8242.0
51.8595,-30,6,0.0,7.589,9.815,622.2,466.0,0.4726,0.9023,179000.0,-3370000.0,2504000.0,3296.0,5.099,-0.5625,2.968,30.64,712.5,13390.0,8122.0
51.975,-30,6,0.0,7.59,9.834,625.2,465.8,0.4737,0.9044,178800.0,-3257000.0,2498000.0,2172.0,5.089,-0.2921,3.006,30.69,782.8,13490.0,7968.0
52.0905,-30,6,0.0,7.589,9.856,618.5,465.8,0.4744,0.9067,178400.0,-3136000.0,2497000.0,1322.0,5.078,-0.03642,2.992,30.51,852.3,13580.0,7877.0
52.206,-30,6,0.0,7.588,9.886,607.9,465.5,0.4745,0.909,177800.0,-3065000.0,2510000.0,865.4,5.062,0.2137,2.947,30.27,874.5,13650.0,7891.0
52.3215,-30,6,0.0,7.586,9.927,608.4,464.9,0.4737,0.9106,176600.0,-3045000.0,2533000.0,845.6,5.04,0.4728,2.896,30.21,864.5,13680.0,7975.0
52.437,-30,6,0.0,7.585,9.966,616.8,464.2,0.4728,0.9104,175100.0,-3041000.0,2562000.0,988.4,5.02,0.7546,2.868,30.57,835.8,13690.0,8078.0
52.5525,-30,6,0.0,7.584,9.95,621.6,463.6,0.4749,0.9077,175100.0,-2988000.0,2588000.0,841.3,5.027,1.062,2.863,31.28,835.2,13690.0,8190.0
52.668,-30,6,0.0,7.584,9.863,617.8,463.2,0.4793,0.9037,177400.0,-2838000.0,2610000.0,142.9,5.071,1.36,2.822,31.7,880.4,13710.0,8255.0
52.7835,-30,6,0.0,7.583,9.81,611.6,462.8,0.4799,0.9006,178700.0,-2588000.0,2628000.0,-1112.0,5.099,1.617,2.704,31.71,960.6,13770.0,8284.0
52.899,-30,6,0.0,7.582,9.795,609.9,462.3,0.4777,0.8979,178700.0,-2273000.0,2649000.0,-2695.0,5.106,1.839,2.529,31.48,1037.0,13860.0,8341.0
53.0145,-30,6,0.0,7.582,9.786,613.6,461.7,0.4757,0.8951,178400.0,-1962000.0,2680000.0,-4187.0,5.11,2.034,2.313,31.08,1066.0,13900.0,8415.0
53.13,-30,6,0.0,7.582,9.77,618.6,461.2,0.4745,0.8925,178500.0,-1699000.0,2727000.0,-5076.0,5.119,2.21,2.077,30.65,1045.0,13840.0,8506.0
53.2455,-30,6,0.0,7.582,9.747,618.0,460.9,0.4739,0.8902,178900.0,-1498000.0,2787000.0,-5473.0,5.131,2.376,1.842,30.37,982.1,13710.0,8621.0
53.361,-30,6,0.0,7.582,9.721,614.9,460.7,0.4735,0.8885,179500.0,-1313000.0,2852000.0,-5671.0,5.145,2.532,1.617,30.28,908.8,13540.0,8712.0
53.4765,-30,6,0.0,7.583,9.706,615.3,460.6,0.4728,0.8876,179900.0,-1086000.0,2913000.0,-6227.0,5.153,2.681,1.404,30.42,846.9,13400.0,8735.0
53.592,-30,6,0.0,7.583,9.698,618.0,460.5,0.4719,0.8874,180100.0,-777800.0,2969000.0,-7572.0,5.157,2.811,1.185,30.6,809.9,13330.0,8699.0
53.7075,-30,6,0.0,7.584,9.696,619.4,460.5,0.4708,0.8875,180200.0,-391400.0,3020000.0,-9634.0,5.158,2.91,0.9415,30.66,796.0,13300.0,8623.0
53.823,-30,6,0.0,7.585,9.699,617.4,460.7,0.4695,0.8877,180200.0,25260.0,3071000.0,-12010.0,5.157,2.97,0.6652,30.55,790.2,13290.0,8523.0
53.9385,-30,6,0.0,7.585,9.705,613.1,460.9,0.4688,0.8886,180100.0,414600.0,3126000.0,-14100.0,5.154,2.992,0.3629,30.32,781.4,13260.0,8427.0
54.054,-30,6,0.0,7.585,9.716,611.4,461.0,0.4689,0.8902,180100.0,734500.0,3188000.0,-15580.0,5.148,2.987,0.05506,30.12,767.5,13190.0,8322.0
54.1695,-30,6,0.0,7.584,9.731,614.8,460.9,0.4699,0.8927,180000.0,987700.0,3255000.0,-16400.0,5.14,2.964,-0.2363,30.05,755.1,13100.0,8184.0
54.285,-30,6,0.0,7.585,9.753,618.0,461.0,0.4715,0.8963,179900.0,1210000.0,3322000.0,-17010.0,5.128,2.93,-0.4983,30.1,748.6,13040.0,8043.0
54.4005,-30,6,0.0,7.585,9.782,616.1,461.1,0.4733,0.9004,179700.0,1451000.0,3382000.0,-17980.0,5.113,2.886,-0.7353,30.22,746.7,13030.0,7925.0
54.516,-30,6,0.0,7.584,9.811,611.7,461.2,0.4738,0.9035,179200.0,1747000.0,3433000.0,-19660.0,5.098,2.823,-0.9634,30.34,745.8,13090.0,7839.0
54.6315,-30,6,0.0,7.584,9.834,609.7,461.1,0.474,0.9058,178800.0,2092000.0,3476000.0,-22050.0,5.086,2.729,-1.199,30.38,744.3,13210.0,7803.0
54.747,-30,6,0.0,7.583,9.859,611.1,460.9,0.4741,0.9077,178200.0,2446000.0,3515000.0,-24630.0,5.072,2.599,-1.451,30.4,748.7,13350.0,7808.0
54.8625,-30,6,0.0,7.582,9.891,613.4,460.7,0.4739,0.9091,177400.0,2753000.0,3554000.0,-26740.0,5.056,2.436,-1.712,30.49,765.0,13480.0,7828.0
54.978,-30,6,0.0,7.582,9.931,612.8,460.5,0.4731,0.9098,176000.0,2976000.0,3595000.0,-27870.0,5.035,2.255,-1.968,30.73,806.9,13580.0,7849.0
55.0935,-30,6,0.0,7.581,9.964,608.5,460.2,0.4725,0.9089,174700.0,3116000.0,3635000.0,-28080.0,5.018,2.076,-2.212,31.16,873.0,13660.0,7869.0
55.209,-30,6,0.0,7.58,9.933,605.4,459.8,0.4754,0.9061,175200.0,3208000.0,3674000.0,-27860.0,5.033,1.903,-2.437,31.56,949.0,13720.0,7897.0
55.3245,-30,6,0.0,7.578,9.846,607.4,459.2,0.4798,0.9028,177600.0,3302000.0,3704000.0,-27900.0,5.077,1.706,-2.598,31.47,1011.0,13780.0,7967.0
55.44,-30,6,0.0,7.578,9.805,611.6,458.7,0.4799,0.9006,178600.0,3427000.0,3723000.0,-28530.0,5.098,1.477,-2.701,31.13,1038.0,13820.0,8116.0
55.5555,-30,6,0.0,7.577,9.798,613.2,458.2,0.4777,0.8984,178500.0,3580000.0,3728000.0,-29580.0,5.101,1.228,-2.794,30.89,1018.0,13870.0,8337.0
55.671,-30,6,0.0,7.577,9.79,610.9,457.9,0.4759,0.8957,178200.0,3726000.0,3721000.0,-30650.0,5.105,0.9576,-2.891,30.82,971.1,13890.0,8573.0
55.7865,-30,6,0.0,7.577,9.772,609.1,457.6,0.4745,0.8928,178300.0,3819000.0,3706000.0,-31130.0,5.115,0.6709,-2.985,30.88,926.2,13870.0,8747.0
55.902,-30,6,0.0,7.578,9.745,611.9,457.3,0.4737,0.8899,178700.0,3827000.0,3688000.0,-30580.0,5.129,0.3778,-3.055,30.97,906.2,13840.0,8830.0
56.0175,-30,6,0.0,7.578,9.717,616.0,457.1,0.4728,0.8876,179300.0,3748000.0,3668000.0,-29000.0,5.144,0.09038,-3.08,30.92,907.6,13800.0,8837.0
56.133,-30,6,0.0,7.579,9.699,615.6,457.2,0.4721,0.8865,179700.0,3612000.0,3640000.0,-26970.0,5.154,-0.184,-3.058,30.73,910.8,13740.0,8802.0
56.2485,-30,6,0.0,7.58,9.69,611.2,457.3,0.4714,0.8864,180100.0,3468000.0,3601000.0,-25120.0,5.159,-0.4452,-2.996,30.41,898.4,13630.0,8761.0
56.364,-30,6,0.0,7.58,9.687,608.6,457.4,0.4706,0.8868,180300.0,3352000.0,3551000.0,-23790.0,5.161,-0.6989,-2.91,30.11,858.6,13480.0,8727.0
56.4795,-30,6,0.0,7.58,9.69,611.0,457.5,0.4699,0.8877,180300.0,3265000.0,3494000.0,-23100.0,5.159,-0.9521,-2.816,29.95,801.1,13320.0,8688.0
56.595,-30,6,0.0,7.581,9.7,615.6,457.6,0.4696,0.8893,180300.0,3178000.0,3435000.0,-22480.0,5.154,-1.208,-2.722,30.02,741.1,13170.0,8620.0
56.7105,-30,6,0.0,7.582,9.714,616.9,457.8,0.4698,0.8913,180200.0,3041000.0,3376000.0,-21400.0,5.147,-1.462,-2.62,30.24,703.9,13070.0,8506.0
56.826,-30,6,0.0,7.582,9.731,613.1,458.2,0.4705,0.8938,180100.0,2826000.0,3320000.0,-19570.0,5.138,-1.704,-2.495,30.46,698.2,13030.0,8340.0
56.9415,-30,6,0.0,7.582,9.752,608.9,458.4,0.4716,0.8968,179900.0,2537000.0,3266000.0,-17140.0,5.127,-1.925,-2.333,30.54,718.0,13040.0,8150.0
57.057,-30,6,0.0,7.582,9.777,608.6,458.6,0.4727,0.9,179600.0,2211000.0,3212000.0,-14600.0,5.113,-2.12,-2.132,30.46,747.0,13090.0,7964.0
57.1725,-30,6,0.0,7.582,9.802,611.0,458.6,0.4731,0.9023,179100.0,1893000.0,3152000.0,-12490.0,5.1,-2.291,-1.901,30.27,770.8,13140.0,7814.0
57.288,-30,6,0.0,7.581,9.823,612.1,458.6,0.4739,0.9047,178800.0,1611000.0,3085000.0,-11060.0,5.089,-2.441,-1.657,30.1,784.5,13160.0,7721.0
57.4035,-30,6,0.0,7.581,9.851,610.1,458.7,0.4748,0.9072,178300.0,1366000.0,3013000.0,-10190.0,5.075,-2.577,-1.416,30.09,792.7,13190.0,7679.0
57.519,-30,6,0.0,7.58,9.888,607.0,458.6,0.4751,0.9096,177500.0,1126000.0,2938000.0,-9576.0,5.056,-2.706,-1.185,30.3,799.9,13230.0,7671.0
57.6345,-30,6,0.0,7.579,9.934,606.4,458.4,0.4742,0.9109,176000.0,852500.0,2860000.0,-8786.0,5.032,-2.831,-0.958,30.71,819.8,13330.0,7687.0
57.75,-30,6,0.0,7.578,9.967,607.8,458.1,0.4732,0.91,174700.0,523500.0,2780000.0,-7413.0,5.015,-2.959,-0.7203,31.27,855.3,13470.0,7723.0
57.8655,-30,6,0.0,7.577,9.924,608.2,457.7,0.4757,0.9062,175400.0,147100.0,2701000.0,-5035.0,5.036,-3.074,-0.4564,31.68,904.9,13620.0,7793.0
57.981,-30,6,0.0,7.577,9.839,606.9,457.4,0.479,0.9022,177700.0,-238100.0,2639000.0,-2536.0,5.079,-3.115,-0.1638,31.56,959.1,13740.0,7906.0
58.0965,-30,6,0.0,7.576,9.803,606.6,457.0,0.4785,0.8993,178400.0,-588100.0,2609000.0,-1188.0,5.098,-3.089,0.1424,31.24,1004.0,13850.0,8059.0
58.212,-30,6,0.0,7.575,9.793,607.9,456.5,0.477,0.8967,178200.0,-879500.0,2607000.0,-527.5,5.103,-3.036,0.4441,31.02,1023.0,13920.0,8236.0
58.3275,-30,6,0.0,7.575,9.783,609.1,456.2,0.4761,0.8944,178100.0,-1122000.0,2612000.0,-109.6,5.108,-2.97,0.7254,30.9,1017.0,13940.0,8406.0
58.443,-30,6,0.0,7.575,9.766,610.3,455.9,0.4754,0.8923,178300.0,-1348000.0,2611000.0,310.7,5.117,-2.894,0.9803,30.84,994.6,13910.0,8543.0
58.5585,-30,6,0.0,7.576,9.741,610.9,455.7,0.4746,0.8903,178800.0,-1590000.0,2605000.0,966.0,5.13,-2.801,1.213,30.75,959.4,13880.0,8664.0
58.674,-30,6,0.0,7.576,9.719,610.5,455.6,0.4729,0.8885,179300.0,-1866000.0,2600000.0,1862.0,5.142,-2.683,1.435,30.61,914.0,13840.0,8782.0
58.7895,-30,6,0.0,7.577,9.704,610.5,455.6,0.4714,0.8873,179600.0,-2162000.0,2591000.0,2827.0,5.15,-2.536,1.661,30.48,860.4,13780.0,8875.0
58.905,-30,6,0.0,7.577,9.694,611.4,455.6,0.4703,0.8867,179900.0,-2445000.0,2574000.0,3622.0,5.155,-2.36,1.892,30.4,813.8,13690.0,8924.0
59.0205,-30,6,0.0,7.578,9.689,612.1,455.8,0.4697,0.8867,180100.0,-2677000.0,2552000.0,4029.0,5.158,-2.159,2.117,30.38,783.5,13580.0,8912.0
59.136,-30,6,0.0,7.579,9.69,612.2,456.0,0.4695,0.8872,180200.0,-2839000.0,2530000.0,4001.0,5.158,-1.941,2.322,30.4,774.1,13460.0,8824.0
59.2515,-30,6,0.0,7.58,9.697,611.5,456.3,0.4699,0.8887,180200.0,-2942000.0,2510000.0,3705.0,5.155,-1.717,2.49,30.4,777.6,13340.0,8677.0
59.367,-30,6,0.0,7.58,9.709,610.2,456.5,0.4704,0.8909,180200.0,-3013000.0,2495000.0,3351.0,5.148,-1.488,2.618,30.33,782.7,13230.0,8507.0
59.4825,-30,6,0.0,7.58,9.727,609.5,456.8,0.471,0.8938,180100.0,-3085000.0,2488000.0,3134.0,5.139,-1.253,2.713,30.18,776.1,13130.0,8344.0
59.598,-30,6,0.0,7.58,9.751,610.0,457.0,0.472,0.8974,180000.0,-3173000.0,2491000.0,3139.0,5.126,-1.008,2.789,30.05,752.9,13060.0,8214.0
59.7135,-30,6,0.0,7.58,9.779,610.4,457.1,0.473,0.9009,179700.0,-3269000.0,2501000.0,3226.0,5.112,-0.7487,2.858,30.02,721.8,13020.0,8115.0
59.829,-30,6,0.0,7.58,9.804,610.3,457.3,0.4735,0.9033,179200.0,-3340000.0,2511000.0,3216.0,5.098,-0.4751,2.923,30.15,702.6,13010.0,8023.0
59.9445,-30,6,0.0,7.58,9.826,610.0,457.4,0.4743,0.9055,178900.0,-3355000.0,2518000.0,3064.0,5.087,-0.1925,2.974,30.36,712.1,13040.0,7917.0
60.06,-30,6,0.0,7.58,9.853,609.1,457.5,0.4749,0.9076,178300.0,-3298000.0,2523000.0,2438.0,5.073,0.09092,2.996,30.58,754.8,13130.0,7799.0
60.1755,-30,6,0.0,7.579,9.889,607.3,457.5,0.4746,0.9092,177300.0,-3180000.0,2529000.0,1596.0,5.054,0.3684,2.983,30.74,815.3,13240.0,7694.0
60.291,-30,6,0.0,7.578,9.933,605.8,457.4,0.4733,0.9098,175800.0,-3030000.0,2537000.0,687.4,5.032,0.6402,2.938,30.87,877.4,13370.0,7633.0
60.4065,-30,6,0.0,7.577,9.958,604.4,457.2,0.4729,0.9084,174600.0,-2881000.0,2551000.0,-142.7,5.019,0.9159,2.885,31.09,924.3,13470.0,7638.0
60.522,-30,6,0.0,7.576,9.902,604.1,456.8,0.4766,0.9049,175900.0,-2747000.0,2572000.0,-686.1,5.046,1.195,2.821,31.26,952.0,13540.0,7715.0
60.6375,-30,6,0.0,7.575,9.825,606.3,456.4,0.4801,0.9019,178100.0,-2619000.0,2601000.0,-1056.0,5.086,1.452,2.708,31.14,967.5,13580.0,7842.0
60.753,-30,6,0.0,7.575,9.8,609.4,456.0,0.4795,0.8997,178500.0,-2471000.0,2635000.0,-1500.0,5.099,1.689,2.566,31.07,975.7,13660.0,8001.0
60.8685,-30,6,0.0,7.575,9.795,609.8,455.7,0.4776,0.8975,178200.0,-2275000.0,2671000.0,-2199.0,5.101,1.917,2.412,31.13,977.4,13760.0,8176.0
60.984,-30,6,0.0,7.575,9.786,607.5,455.4,0.4759,0.8949,178100.0,-2017000.0,2709000.0,-3281.0,5.106,2.131,2.237,31.18,975.4,13860.0,8332.0
61.0995,-30,6,0.0,7.575,9.767,606.6,455.2,0.4742,0.8921,178200.0,-1710000.0,2751000.0,-4642.0,5.116,2.322,2.032,31.09,970.9,13940.0,8455.0
61.215,-30,6,0.0,7.575,9.739,608.3,455.0,0.473,0.8894,178700.0,-1384000.0,2800000.0,-6052.0,5.131,2.484,1.794,30.85,956.0,13980.0,8568.0
61.3305,-30,6,0.0,7.575,9.715,610.6,454.9,0.4718,0.8873,179200.0,-1073000.0,2855000.0,-7304.0,5.144,2.619,1.535,30.55,927.4,13950.0,8672.0
61.446,-30,6,0.0,7.576,9.699,611.3,454.9,0.4713,0.8865,179600.0,-787900.0,2917000.0,-8288.0,5.152,2.734,1.271,30.33,884.5,13850.0,8749.0
61.5615,-30,6,0.0,7.577,9.691,610.1,455.0,0.4711,0.8865,179900.0,-520600.0,2985000.0,-9124.0,5.157,2.833,1.012,30.25,841.6,13710.0,8791.0
61.677,-30,6,0.0,7.577,9.69,609.3,455.1,0.4707,0.8872,180100.0,-244500.0,3052000.0,-10080.0,5.158,2.915,0.762,30.29,805.1,13570.0,8788.0
61.7925,-30,6,0.0,7.578,9.694,610.3,455.3,0.4702,0.8883,180200.0,63780.0,3116000.0,-11410.0,5.155,2.976,0.5138,30.36,777.4,13460.0,8740.0
61.908,-30,6,0.0,7.578,9.704,611.6,455.5,0.4698,0.8898,180100.0,409500.0,3174000.0,-13190.0,5.15,3.011,0.2565,30.4,754.7,13380.0,8665.0
62.0235,-30,6,0.0,7.579,9.717,610.9,455.8,0.4697,0.8917,180100.0,776000.0,3229000.0,-15260.0,5.144,3.013,-0.0168,30.36,737.4,13310.0,8574.0
62.139,-30,6,0.0,7.579,9.733,609.1,456.1,0.4702,0.8942,179900.0,1134000.0,3285000.0,-17290.0,5.135,2.982,-0.304,30.28,726.1,13240.0,8464.0
62.2545,-30,6,0.0,7.579,9.754,608.4,456.3,0.4716,0.8973,179800.0,1458000.0,3341000.0,-19020.0,5.124,2.924,-0.5939,30.21,723.9,13180.0,8338.0
62.37,-30,6,0.0,7.579,9.778,609.0,456.5,0.4731,0.9005,179600.0,1737000.0,3398000.0,-20360.0,5.111,2.846,-0.8728,30.21,733.8,13110.0,8196.0
62.4855,-30,6,0.0,7.579,9.801,610.1,456.6,0.474,0.903,179200.0,1981000.0,3454000.0,-21450.0,5.099,2.752,-1.13,30.26,755.5,13070.0,8047.0
62.601,-30,6,0.0,7.579,9.824,609.8,456.7,0.4749,0.9056,178900.0,2214000.0,3506000.0,-22490.0,5.088,2.643,-1.363,30.31,782.8,13070.0,7919.0
62.7165,-30,6,0.0,7.579,9.855,607.3,456.8,0.4754,0.9081,178300.0,2455000.0,3550000.0,-23790.0,5.072,2.517,-1.58,30.36,805.6,13110.0,7835.0
62.832,-30,6,0.0,7.578,9.894,605.2,456.8,0.4748,0.9099,177200.0,2711000.0,3587000.0,-25400.0,5.051,2.369,-1.793,30.47,819.9,13180.0,7803.0
62.9475,-30,6,0.0,7.577,9.94,605.4,456.7,0.4732,0.9103,175600.0,2969000.0,3617000.0,-27120.0,5.028,2.204,-2.018,30.72,832.9,13280.0,7810.0
63.063,-30,6,0.0,7.577,9.956,606.3,456.5,0.4733,0.9083,174600.0,3202000.0,3644000.0,-28630.0,5.019,2.027,-2.266,31.2,857.8,13370.0,7839.0
63.1785,-30,6,0.0,7.576,9.887,606.6,456.2,0.4773,0.9042,176200.0,3384000.0,3671000.0,-29650.0,5.054,1.828,-2.505,31.54,903.1,13460.0,7874.0
63.294,-30,6,0.0,7.575,9.815,606.7,455.9,0.48,0.901,178200.0,3505000.0,3697000.0,-30040.0,5.091,1.59,-2.678,31.46,965.7,13550.0,7916.0
63.4095,-30,6,0.0,7.575,9.794,607.0,455.6,0.479,0.8987,178500.0,3572000.0,3718000.0,-29850.0,5.101,1.335,-2.796,31.27,1021.0,13660.0,7988.0
63.525,-30,6,0.0,7.575,9.789,606.7,455.4,0.4772,0.8966,178200.0,3611000.0,3726000.0,-29420.0,5.104,1.078,-2.88,31.07,1044.0,13770.0,8104.0
63.6405,-30,6,0.0,7.574,9.78,606.4,455.1,0.4757,0.8943,178100.0,3646000.0,3720000.0,-29120.0,5.109,0.8175,-2.94,30.85,1026.0,13830.0,8246.0
63.756,-30,6,0.0,7.574,9.762,607.6,454.9,0.4743,0.8918,178300.0,3686000.0,3702000.0,-29040.0,5.118,0.5509,-2.986,30.68,979.2,13860.0,8395.0
63.8715,-30,6,0.0,7.575,9.735,609.7,454.7,0.4733,0.8895,178800.0,3720000.0,3676000.0,-28940.0,5.132,0.2756,-3.017,30.55,919.3,13850.0,8541.0
63.987,-30,6,0.0,7.575,9.714,611.1,454.6,0.472,0.8876,179200.0,3722000.0,3646000.0,-28660.0,5.144,-0.00706,-3.034,30.53,867.0,13820.0,8652.0
64.1025,-30,6,0.0,7.576,9.701,610.8,454.7,0.4713,0.8868,179600.0,3669000.0,3610000.0,-27740.0,5.151,-0.2918,-3.03,30.58,830.9,13780.0,8702.0
64.218,-30,6,0.0,7.577,9.693,609.6,454.8,0.4708,0.8866,179900.0,3553000.0,3569000.0,-26230.0,5.155,-0.5714,-2.995,30.6,817.2,13730.0,8697.0
64.3335,-30,6,0.0,7.577,9.691,608.8,455.0,0.4702,0.887,180000.0,3387000.0,3525000.0,-24310.0,5.157,-0.8394,-2.923,30.53,814.4,13670.0,8649.0
64.449,-30,6,0.0,7.578,9.695,609.1,455.2,0.4697,0.8879,180100.0,3196000.0,3477000.0,-22290.0,5.155,-1.093,-2.816,30.37,808.1,13590.0,8582.0
64.5645,-30,6,0.0,7.578,9.704,609.6,455.4,0.4696,0.8896,180100.0,3004000.0,3422000.0,-20540.0,5.15,-1.334,-2.684,30.2,788.3,13490.0,8517.0
64.68,-30,6,0.0,7.578,9.718,609.4,455.6,0.4699,0.8919,180000.0,2821000.0,3361000.0,-19110.0,5.143,-1.563,-2.535,30.08,758.9,13360.0,8452.0
64.7955,-30,6,0.0,7.578,9.736,609.2,455.8,0.4708,0.8948,180000.0,2637000.0,3298000.0,-17840.0,5.133,-1.784,-2.378,30.08,729.6,13240.0,8377.0
64.911,-30,6,0.0,7.579,9.76,609.5,455.9,0.4723,0.8985,179800.0,2430000.0,3235000.0,-16500.0,5.121,-1.995,-2.213,30.19,711.4,13160.0,8288.0
65.0265,-30,6,0.0,7.579,9.786,609.5,456.1,0.4735,0.9017,179500.0,2180000.0,3174000.0,-14870.0,5.107,-2.193,-2.033,30.35,712.3,13120.0,8184.0
65.142,-30,6,0.0,7.579,9.808,609.2,456.3,0.474,0.9038,179100.0,1883000.0,3114000.0,-12980.0,5.096,-2.373,-1.831,30.47,732.5,13130.0,8075.0
65.2575,-30,6,0.0,7.579,9.83,608.2,456.4,0.4745,0.9059,178700.0,1553000.0,3053000.0,-11040.0,5.084,-2.528,-1.602,30.48,766.0,13170.0,7980.0
65.373,-30,6,0.0,7.578,9.859,606.5,456.5,0.4747,0.9078,178000.0,1216000.0,2989000.0,-9351.0,5.069,-2.657,-1.35,30.45,800.6,13220.0,7915.0
65.4885,-30,6,0.0,7.578,9.897,605.5,456.4,0.4742,0.9092,176900.0,894200.0,2918000.0,-8121.0,5.049,-2.768,-1.085,30.49,833.2,13260.0,7885.0
65.604,-30,6,0.0,7.577,9.941,605.6,456.3,0.4732,0.9095,175400.0,595000.0,2835000.0,-7256.0,5.027,-2.873,-0.8187,30.72,864.0,13300.0,7882.0
65.7195,-30,6,0.0,7.576,9.947,605.6,456.1,0.4742,0.9076,174800.0,308500.0,2744000.0,-6149.0,5.023,-2.99,-0.5561,31.19,898.5,13340.0,7902.0
65.835,-30,6,0.0,7.575,9.871,605.6,455.8,0.4786,0.904,176800.0,17250.0,2660000.0,-4257.0,5.061,-3.082,-0.294,31.45,937.3,13390.0,7945.0
65.9505,-30,6,0.0,7.575,9.809,606.5,455.5,0.4805,0.9013,178500.0,-290400.0,2605000.0,-2724.0,5.093,-3.102,-0.02972,31.34,977.3,13460.0,8016.0
66.066,-30,6,0.0,7.575,9.795,607.7,455.3,0.4787,0.899,178500.0,-616500.0,2593000.0,-1587.0,5.101,-3.078,0.2407,31.19,1002.0,13580.0,8130.0
66.1815,-30,6,0.0,7.575,9.79,607.5,455.0,0.4765,0.8964,178200.0,-950000.0,2607000.0,-540.9,5.103,-3.028,0.5203,31.05,1002.0,13700.0,8273.0
66.297,-30,6,0.0,7.574,9.777,606.8,454.8,0.4749,0.8936,178100.0,-1271000.0,2620000.0,508.5,5.11,-2.954,0.8049,30.93,983.4,13780.0,8402.0
66.4125,-30,6,0.0,7.575,9.756,607.8,454.6,0.4738,0.8908,178300.0,-1561000.0,2621000.0,1399.0,5.121,-2.856,1.084,30.82,958.2,13820.0,8497.0
66.528,-30,6,0.0,7.575,9.727,609.7,454.5,0.4732,0.8886,178900.0,-1812000.0,2613000.0,2019.0,5.136,-2.734,1.344,30.68,930.9,13820.0,8562.0
66.6435,-30,6,0.0,7.576,9.708,610.8,454.5,0.4723,0.8871,179400.0,-2034000.0,2598000.0,2447.0,5.147,-2.595,1.581,30.56,903.7,13800.0,8596.0
66.759,-30,6,0.0,7.576,9.697,609.9,454.6,0.4718,0.8868,179700.0,-2241000.0,2575000.0,2791.0,5.153,-2.441,1.794,30.45,871.9,13750.0,8604.0
66.8745,-30,6,0.0,7.577,9.692,608.5,454.8,0.471,0.887,180000.0,-2447000.0,2550000.0,3101.0,5.156,-2.269,1.991,30.35,837.2,13680.0,8601.0
66.99,-30,6,0.0,7.577,9.693,608.4,454.9,0.4701,0.8876,180000.0,-2655000.0,2530000.0,3439.0,5.155,-2.078,2.178,30.28,799.7,13610.0,8584.0
67.1055,-30,6,0.0,7.578,9.699,609.8,455.1,0.4694,0.8886,180000.0,-2852000.0,2517000.0,3737.0,5.153,-1.866,2.356,30.25,763.5,13540.0,8546.0
67.221,-30,6,0.0,7.578,9.708,610.9,455.3,0.4693,0.8901,180000.0,-3021000.0,2509000.0,3911.0,5.148,-1.635,2.522,30.28,736.3,13460.0,8481.0
67.3365,-30,6,0.0,7.578,9.722,610.0,455.6,0.4698,0.8922,179900.0,-3145000.0,2502000.0,3900.0,5.141,-1.389,2.668,30.33,725.7,13390.0,8380.0
67.452,-30,6,0.0,7.579,9.739,608.5,455.8,0.4709,0.895,179900.0,-3220000.0,2498000.0,3683.0,5.132,-1.134,2.783,30.35,731.1,13320.0,8252.0
67.5675,-30,6,0.0,7.579,9.763,607.8,456.0,0.4725,0.8986,179700.0,-3253000.0,2496000.0,3304.0,5.119,-0.8742,2.865,30.33,744.9,13270.0,8122.0
67.683,-30,6,0.0,7.578,9.788,607.9,456.1,0.4735,0.9016,179400.0,-3260000.0,2498000.0,2863.0,5.106,-0.6126,2.918,30.28,758.9,13240.0,8012.0
67.7985,-30,6,0.0,7.578,9.81,608.4,456.2,0.4741,0.904,179100.0,-3256000.0,2503000.0,2480.0,5.094,-0.3483,2.948,30.23,767.8,13210.0,7938.0
67.914,-30,6,0.0,7.578,9.834,608.3,456.3,0.4748,0.9064,178700.0,-3246000.0,2511000.0,2259.0,5.082,-0.07971,2.959,30.22,774.2,13210.0,7906.0
68.0295,-30,6,0.0,7.578,9.866,606.8,456.3,0.475,0.9086,177900.0,-3220000.0,2526000.0,2005.0,5.066,0.1941,2.958,30.33,780.4,13220.0,7903.0
68.145,-30,6,0.0,7.577,9.907,605.8,456.2,0.4744,0.91,176700.0,-3162000.0,2541000.0,1587.0,5.044,0.4728,2.945,30.59,800.4,13260.0,7916.0
68.2605,-30,6,0.0,7.576,9.948,605.7,456.0,0.4731,0.9098,175200.0,-3058000.0,2556000.0,1009.0,5.023,0.7581,2.924,31.02,838.5,13320.0,7930.0
68.376,-30,6,0.0,7.576,9.942,605.4,455.8,0.4743,0.9071,174900.0,-2906000.0,2570000.0,183.0,5.026,1.052,2.896,31.51,894.8,13400.0,7953.0
68.4915,-30,6,0.0,7.575,9.859,605.0,455.6,0.4786,0.9031,177000.0,-2717000.0,2587000.0,-753.6,5.068,1.33,2.818,31.59,956.5,13460.0,7999.0
68.607,-30,6,0.0,7.575,9.803,605.9,455.3,0.4798,0.9003,178500.0,-2511000.0,2610000.0,-1629.0,5.097,1.571,2.67,31.29,1009.0,13530.0,8083.0
68.7225,-30,6,0.0,7.574,9.79,607.2,455.0,0.4782,0.8981,178500.0,-2300000.0,2641000.0,-2441.0,5.103,1.791,2.492,31.02,1031.0,13600.0,8216.0
68.838,-30,6,0.0,7.574,9.785,607.4,454.7,0.4767,0.8958,178200.0,-2088000.0,2681000.0,-3180.0,5.106,2.0,2.304,30.86,1017.0,13650.0,8374.0
68.9535,-30,6,0.0,7.574,9.773,607.4,454.5,0.4755,0.8935,178200.0,-1864000.0,2729000.0,-3891.0,5.112,2.198,2.111,30.8,982.1,13680.0,8511.0
69.069,-30,6,0.0,7.575,9.753,608.7,454.4,0.4743,0.891,178500.0,-1614000.0,2781000.0,-4751.0,5.123,2.382,1.91,30.8,943.7,13700.0,8610.0
69.1845,-30,6,0.0,7.575,9.726,610.2,454.4,0.4732,0.8888,179000.0,-1331000.0,2834000.0,-5838.0,5.137,2.542,1.691,30.73,908.7,13720.0,8677.0
69.3,-30,6,0.0,7.576,9.708,610.6,454.4,0.4718,0.8873,179400.0,-1017000.0,2888000.0,-7152.0,5.147,2.68,1.452,30.64,879.0,13730.0,8709.0
69.4155,-30,6,0.0,7.576,9.697,609.6,454.6,0.471,0.8867,179700.0,-685000.0,2944000.0,-8604.0,5.153,2.792,1.193,30.51,851.9,13710.0,8705.0
69.531,-30,6,0.0,7.577,9.691,608.5,454.8,0.4703,0.8866,179900.0,-352500.0,3004000.0,-10070.0,5.156,2.878,0.9203,30.37,827.4,13670.0,8671.0
69.6465,-30,6,0.0,7.577,9.691,608.8,454.9,0.4698,0.8871,180000.0,-31250.0,3068000.0,-11460.0,5.157,2.94,0.6425,30.27,804.6,13590.0,8605.0
69.762,-30,6,0.0,7.578,9.697,610.1,455.1,0.4697,0.8884,180100.0,276200.0,3133000.0,-12760.0,5.154,2.98,0.3684,30.22,781.9,13500.0,8510.0
69.8775,-30,6,0.0,7.578,9.708,610.4,455.4,0.4699,0.8903,180100.0,576600.0,3197000.0,-14070.0,5.148,2.997,0.1016,30.22,761.2,13420.0,8399.0
69.993,-30,6,0.0,7.579,9.724,609.3,455.6,0.4704,0.8928,180000.0,880900.0,3259000.0,-15510.0,5.14,2.992,-0.1597,30.24,744.0,13350.0,8278.0
