time_start,time_end,n_samples,Time_mean,Time_std,Time_max,Time_min,BldPitch1_mean,BldPitch1_std,BldPitch1_max,BldPitch1_min,RotSpeed_mean,RotSpeed_std,RotSpeed_max,RotSpeed_min,RtTSR_mean,RtTSR_std,RtTSR_max,RtTSR_min,RotTorq_mean,RotTorq_std,RotTorq_max,RotTorq_min,GenPwr_mean,GenPwr_std,GenPwr_max,GenPwr_min,RtAeroCp_mean,RtAeroCp_std,RtAeroCp_max,RtAeroCp_min,RtAeroCt_mean,RtAeroCt_std,RtAeroCt_max,RtAeroCt_min,RtAeroFxh_mean,RtAeroFxh_std,RtAeroFxh_max,RtAeroFxh_min,B1RootMxr_mean,B1RootMxr_std,B1RootMxr_max,B1RootMxr_min,B1RootMyr_mean,B1RootMyr_std,B1RootMyr_max,B1RootMyr_min,B1RootMzr_mean,B1RootMzr_std,B1RootMzr_max,B1RootMzr_min,RtVAvgxh_mean,RtVAvgxh_std,RtVAvgxh_max,RtVAvgxh_min,RtVAvgyh_mean,RtVAvgyh_std,RtVAvgyh_max,RtVAvgyh_min,RtVAvgzh_mean,RtVAvgzh_std,RtVAvgzh_max,RtVAvgzh_min,RtSkew_mean,RtSkew_std,RtSkew_max,RtSkew_min,YawBrMzp_mean,YawBrMzp_std,YawBrMzp_max,YawBrMzp_min,TwrBsMyt_mean,TwrBsMyt_std,TwrBsMyt_max,TwrBsMyt_min,TwrBsMxt_mean,TwrBsMxt_std,TwrBsMxt_max,TwrBsMxt_min,YawAngle,WindSpeed
49.0005,70.0005,14001,59.500499999999995,6.062827341678137,70.0005,49.0005,0.0,0.0,0.0,0.0,7.051245411042069,0.003591803841083395,7.062,7.047,13.651865581029927,0.09372584299186172,13.88,13.53,130.98827940861366,4.7530512504445195,153.1,125.4,91.51033354760375,2.6818558971399504,100.2,88.81,0.3134037783015499,0.0020443062065832966,0.3185,0.3081,1.0421600599957146,0.007478179235757519,1.055,1.032,92275.71673451897,653.5664264288181,92970.0,90290.0,-48641.67329690733,2391432.386656924,3503000.0,-3506000.0,1861593.100492822,75879.9695447204,1964000.0,1681000.0,-13305.683665452467,8537.750377378425,-1701.0,-28180.0,3.4063427612313406,0.023181852645135663,3.435,3.35,-0.25800060693807586,1.41228323326045,2.01,-2.089,0.014361330283551226,1.4144840698641665,2.009,-2.022,30.60664238268695,0.46583872580310814,31.91,29.44,-28.848594808442254,34.21688016393113,62.22,-114.0,6626.452967645168,327.98214839042856,7143.0,6094.0,3914.581815584601,338.771521038069,4569.0,3284.0,-30,4
45.501,65.001,13001,55.251,5.629814639488594,65.001,45.501,0.0,0.0,0.0,0.0,7.11405976463349,0.002237315748834581,7.12,7.11,12.697527113298976,0.09372159946949359,12.91,12.57,187.96530266902548,2.9298521626394693,199.7,182.2,132.36324898084763,1.4499358172280299,137.9,130.3,0.3601839781555265,0.0017883665226164352,0.3655,0.3565,1.0086499500038457,0.0067724346404405,1.02,0.9995,105103.82278286286,886.5620724371316,106200.0,102700.0,164323.1082993616,2338142.307152797,3550000.0,-3399000.0,2054000.1538343204,88198.82608659369,2149000.0,1830000.0,-13443.991246827167,9075.343250763677,-501.1,-27450.0,3.6952029074686563,0.027215709165702918,3.731,3.633,0.1601032817937082,1.0092926012598014,1.404,-1.446,-0.004073046282209098,0.9614438721888203,1.397,-1.453,20.787287131759097,0.41934071122116595,22.01,20.0,-14.4933547507884,29.59615932891555,56.4,-83.58,8298.878547804015,274.1959761286675,8873.0,7565.0,3176.055918775479,881.1177687961103,4697.0,1576.0,-20,4
45.501,65.001,13001,55.251,5.629814639488594,65.001,45.501,0.0,0.0,0.0,0.0,7.138523652026767,0.0020538702116468244,7.142,7.135,12.394602722867473,0.09048900190869198,12.61,12.28,210.1076378740097,2.085080916325316,216.4,204.5,148.37810937620185,0.9167245173176951,151.1,146.6,0.37404518883162835,0.001737688596547298,0.3786,0.3709,0.9974333051303744,0.006442360645211077,1.008,0.9886,109828.15937235598,929.393551391278,111000.0,107300.0,184926.5013329744,2343820.5672353744,3622000.0,-3416000.0,2116970.771479117,92868.19149623561,2225000.0,1875000.0,-13092.004826474118,9326.857765291597,323.9,-28360.0,3.7985157295592646,0.02758226999263443,3.835,3.735,0.12528207258518578,0.7804704112273148,1.086,-1.142,0.003265243012076008,0.7444892324836738,1.102,-1.087,15.947307899392355,0.4428784497665178,17.0,15.25,-8.524162159072379,32.51854320372894,81.58,-75.04,8971.11629874625,261.13591040745473,9444.0,8438.0,2584.907468656257,997.6208636198434,4211.0,960.7,-15,4
42.0,60.0,12001,51.0,5.196801937249498,60.0,42.0,0.0,0.0,0.0,0.0,7.1572071494042175,0.0018365508111021223,7.161,7.154,12.192684776268644,0.08765999491816176,12.39,12.08,227.03205566202817,2.48641137295667,236.3,217.8,160.71931505707857,0.740974739210071,162.0,159.4,0.38350719940005,0.0018308635934041995,0.3881,0.381,0.9897555537038581,0.006121406512842447,0.9998,0.9811,113211.28239313391,956.2928580360974,114400.0,110700.0,10607.974935422033,2345440.255566778,3495000.0,-3346000.0,2138219.2317306893,101674.09871796145,2257000.0,1922000.0,-12098.458452077493,9395.99187801502,691.2,-26990.0,3.871510790767436,0.027630932021612375,3.908,3.81,-0.05173599315640365,0.5615866284163105,0.7635,-0.8117,-0.008590451374885417,0.5310694586122339,0.8083,-0.7642,11.30996083659695,0.35896033689824447,12.15,10.51,-1.953790188984251,26.6934929384176,57.25,-53.14,9480.22698108491,201.06647360668322,9957.0,9097.0,1910.240688275977,858.0132550152263,3323.0,528.4,-10,4
42.0,60.0,12001,51.0,5.196801937249498,60.0,42.0,0.0,0.0,0.0,0.0,7.168892842263146,0.0013188440377342515,7.171,7.166,12.073647196066995,0.08251679739511023,12.26,11.97,237.5929755853679,1.6043466438046914,240.5,231.1,168.38378468460962,0.737316333040823,169.7,166.3,0.3892943088075994,0.002069772960406549,0.3939,0.3863,0.9848722356470294,0.005849622131083743,0.9943,0.9765,115261.68652612282,925.2829956609304,116300.0,112800.0,11278.699133405646,2347382.7731938604,3616000.0,-3501000.0,2164961.2532288977,101504.9346020311,2288000.0,1944000.0,-11965.339337088577,9511.333495928795,1668.0,-28020.0,3.916031497375219,0.02663319997983739,3.95,3.856,-0.030469439455045422,0.35437353632102164,0.4927,-0.5381,-0.015266566829514203,0.3419397750380087,0.5491,-0.5053,7.174421048245979,0.38026968056052257,8.028,6.332,2.984449580951587,37.376609179576015,96.17,-75.49,9794.182484792935,91.2926486444847,9973.0,9614.0,1148.4626614448796,464.48955844368953,1917.0,426.8,-5,4
38.5005,55.0005,11001,46.750499999999995,4.7637892349473265,55.0005,38.5005,0.0,0.0,0.0,0.0,7.17153849650032,0.0030018471091241435,7.175,7.163,12.02946550313608,0.07928146473651476,12.22,11.93,239.9592491591673,2.9003880837203044,243.0,231.8,169.8625943096082,2.350365881737673,172.1,162.6,0.39194678665575855,0.0022934632190459267,0.3969,0.3888,0.9825576765748568,0.00566446719161137,0.9917,0.9747,115924.35233160622,901.0340529516303,116900.0,113500.0,65709.4480319971,2422932.3595528314,3491000.0,-3328000.0,2182933.096991183,91938.7823793571,2283000.0,1957000.0,-12087.385055185892,9861.648912705703,1109.0,-26850.0,3.9319200981728932,0.02588144081680924,3.964,3.873,-0.0008547894827743026,0.2485816299409686,0.35,-0.3512,-0.00483304745759477,0.2452164611265817,0.3501,-0.3424,5.075061176256704,0.02776720732410659,5.148,5.014,7.242366181583492,25.623549465779888,53.33,-30.44,9903.643305154077,101.51665977447132,10070.0,9712.0,340.6984728661031,96.5152869259315,506.5,171.9,0,4
42.0,60.0,12001,51.0,5.196801937249498,60.0,42.0,0.0,0.0,0.0,0.0,7.170119990000833,0.00161738509119922,7.172,7.166,12.076326139488375,0.08002693270083377,12.26,11.97,238.84332138988418,1.6035483364869623,242.0,232.4,169.20291642363136,0.8866744012117965,170.3,166.8,0.3914554537121907,0.0024683929582242853,0.3974,0.3877,0.9835822764769603,0.005615020333939522,0.9924,0.9756,115100.79993333889,904.3087747297935,116100.0,112700.0,7554.853353887129,2347971.328889979,3503000.0,-3350000.0,2162920.339971669,94284.6292903442,2270000.0,1938000.0,-12005.43911218232,9506.272153303955,2115.0,-27220.0,3.9158876760269976,0.02588400501481617,3.949,3.857,0.014807763258061823,0.34134956434492975,0.527,-0.4875,-0.028459280151654033,0.35212072617424917,0.5555,-0.5132,7.14262744771269,0.386442128841084,8.124,6.29,13.233188940338305,35.75406274841637,93.14,-74.97,9808.139655028748,166.59202910557914,10160.0,9415.0,-476.1286833097242,459.74294609704447,338.7,-1340.0,5,4
42.0,60.0,12001,51.0,5.196801937249498,60.0,42.0,0.0,0.0,0.0,0.0,7.1596206149487545,0.001760010886842959,7.163,7.156,12.198520956586952,0.08039726725217823,12.38,12.1,229.29307557703527,2.3989267492716397,235.3,219.2,162.206574452129,0.815477941441208,163.5,160.3,0.38784048829264234,0.0026061765855144516,0.3933,0.3839,0.9871977918506792,0.005619426805615488,0.9957,0.9792,112891.07574368802,886.5745979211621,113900.0,110500.0,5104.429272560604,2348293.0526342485,3506000.0,-3378000.0,2134513.040579952,87275.7899845608,2228000.0,1931000.0,-12181.779545521207,9402.857461760666,1116.0,-26840.0,3.870969502541455,0.02550146537934949,3.904,3.813,0.03647136096658612,0.545243689608658,0.8185,-0.7492,-0.03428761718690105,0.5443890629816278,0.8113,-0.8083,11.270995750354137,0.4325902026151442,12.22,10.5,17.63187986701108,30.570240526680397,80.37,-40.78,9511.733438880094,237.29748879675932,9980.0,8949.0,-1266.1615698691774,618.1127765880074,-336.4,-2237.0,10,4
45.501,65.001,13001,55.251,5.629814639488594,65.001,45.501,0.0,0.0,0.0,0.0,7.142150526882547,0.0014454283073209583,7.145,7.14,12.401479886162601,0.08529781627208956,12.6,12.3,213.40241519883085,1.7955510009841915,220.8,208.7,150.649996154142,0.587907796264249,151.6,149.6,0.3804741250673025,0.002493342761969302,0.386,0.3768,0.9934363818167833,0.005787037048442785,1.002,0.9856,109370.6714868087,897.9569562204179,110400.0,106900.0,193723.33846165682,2348080.818032994,3549000.0,-3418000.0,2106225.9826167217,70552.07790816248,2185000.0,1907000.0,-12660.98093303592,9342.440004589358,923.8,-27800.0,3.798253672794401,0.02599269925179339,3.83,3.739,-0.1019127668948542,0.7683479253848242,1.15,-1.098,0.07547352654949621,0.7572253422602336,1.071,-1.111,15.951214521959848,0.4587839882775585,17.03,15.11,20.404225020306132,33.982429226871396,99.72,-47.46,9045.134374278901,172.32058590539765,9396.0,8690.0,-1997.4323513575878,545.3584270038193,-1129.0,-2870.0,15,4
45.501,65.001,13001,55.251,5.629814639488594,65.001,45.501,0.0,0.0,0.0,0.0,7.1183944311976,0.0015877743692329176,7.122,7.115,12.70469733097454,0.09114765451110508,12.91,12.59,191.7462964387355,2.290208995728901,201.4,185.6,135.0193292823629,0.8895994150931106,137.6,133.6,0.3688807860933775,0.002380023923055653,0.3745,0.3649,1.0031731174525034,0.006031608629351392,1.012,0.9951,104532.83593569725,904.4025796517601,105500.0,102100.0,177174.21919083147,2344797.1727596186,3479000.0,-3357000.0,2040704.868856242,61381.57113925275,2101000.0,1847000.0,-12884.309669717713,9108.024448486836,295.6,-27120.0,3.695226828705484,0.02639992727575603,3.728,3.635,-0.13927964527113304,0.9971891579578523,1.458,-1.399,0.08237343218213984,0.974528407238503,1.39,-1.438,20.793243596646413,0.4323124508900564,21.87,19.91,25.040775307207138,36.79066317478422,134.8,-55.52,8380.747942465965,86.34886975673884,8562.0,8158.0,-2659.021536804861,509.6617759297068,-1813.0,-3446.0,20,4
49.0005,70.0005,14001,59.500499999999995,6.062827341678137,70.0005,49.0005,0.0,0.0,0.0,0.0,7.056007142346974,0.0029913122510425148,7.064,7.051,13.658819370044997,0.10533361428841027,13.9,13.53,135.28007285193914,4.157442554587174,156.6,128.1,94.44118634383258,1.8259461108232424,100.2,91.99,0.32636113849010784,0.002224993827478879,0.3312,0.3213,1.0334282551246339,0.006658969151628085,1.044,1.025,91539.83786872367,856.9478952305928,92470.0,89150.0,-67243.61285622459,2394015.3759431825,3574000.0,-3490000.0,1856282.8369402185,47192.97463282079,1920000.0,1712000.0,-13962.574744661095,8605.690546277403,-1317.0,-28250.0,3.4070052853367616,0.02620879842572685,3.438,3.347,0.23867403779730018,1.4128337541147336,2.128,-2.035,-0.09944941945575314,1.4157320342542092,2.035,-2.045,30.618406542389828,0.43629372068765765,32.25,29.19,36.33922708485109,41.21238677136473,129.6,-64.06,6692.697235911721,549.8635814962936,7590.0,5781.0,-3423.075494607528,891.2859301995003,-1969.0,-4816.0,30,4
49.0005,70.0005,14001,59.500499999999995,6.062827341678137,70.0005,49.0005,0.0,0.0,0.0,0.0,7.558886150989216,0.005432011760170093,7.578,7.553,9.760998142989786,0.07496213136916838,9.933,9.665,592.1102421255624,6.08582727842332,621.0,585.4,442.85266766659527,4.6910664555291435,458.9,438.9,0.4568900507106636,0.0032104256956715627,0.4621,0.4523,0.8969131704878223,0.006951806195730976,0.9088,0.8874,178580.8942218413,1420.1151664651234,180200.0,174500.0,-160391.12983215484,2340757.348197214,3705000.0,-3305000.0,3000205.556745947,246051.61369222656,3322000.0,2523000.0,-6612.243469966431,13225.656323165194,10670.0,-30340.0,5.107655881722735,0.038502265274860614,5.158,5.02,-0.15130869452324838,2.1642969256848885,3.013,-3.111,0.2895655541318477,2.0886574318982327,3.005,-3.079,30.635668880794228,0.41832946354103945,31.84,29.67,11.86720013999,42.04528058568151,124.5,-92.72,13741.894864652524,225.93147337201802,14440.0,13150.0,8498.351189200772,160.65776140663982,8936.0,8199.0,-30,6
45.501,65.001,13001,55.251,5.629814639488594,65.001,45.501,0.0,0.0,0.0,0.0,7.742025459580033,0.002889777378689298,7.75,7.738,9.21133428197831,0.06430915188520235,9.371,9.132,758.4032612875933,3.5984518222467234,774.3,752.9,580.5784478117068,2.3666042059139096,587.8,578.0,0.47100393046688716,0.00340543648115252,0.4766,0.4663,0.8727459503115146,0.00589233954635439,0.8832,0.865,204699.4308130144,1571.2057052814703,206600.0,200000.0,651499.6599338512,2376373.9653153596,3733000.0,-3198000.0,3383790.477655565,263123.96891976165,3700000.0,2820000.0,-9635.904562110605,14919.415763522742,13990.0,-30130.0,5.5435663410506875,0.03844739366063287,5.593,5.45,0.14397112099069304,1.4806131000935112,2.084,-2.177,-0.22336069030382283,1.4714774543611777,2.087,-2.14,20.78154526574879,0.4056234380660808,21.88,20.08,26.655954823205903,44.85821720996148,138.9,-85.51,17199.026997923236,176.62350037987503,17660.0,16670.0,7121.793477424813,263.4351075380924,7642.0,6571.0,-20,6
45.501,65.001,13001,55.251,5.629814639488594,65.001,45.501,0.0,0.0,0.0,0.0,7.812296592569803,0.0016883842765937544,7.816,7.809,9.04341912160603,0.06179548228842597,9.196,8.968,822.1209137758634,2.3090434840217364,830.5,817.7,634.9488039381587,1.0546995161305628,637.5,633.3,0.4752789323898161,0.0034857313500521103,0.4811,0.4705,0.8648293131297592,0.005554251446942758,0.8745,0.8575,214280.5630336128,1642.8080621675333,216200.0,209500.0,679495.041004538,2364705.024363589,3710000.0,-3217000.0,3504981.2322129067,269798.6456344896,3830000.0,2934000.0,-9124.417105761097,15354.951636455282,15320.0,-30620.0,5.697715175755711,0.03865214920467223,5.747,5.605,0.1050286346281055,1.1485339178439382,1.628,-1.692,-0.17385556368740862,1.1365968496229575,1.636,-1.659,15.94625336512576,0.38851803258964224,16.78,15.27,28.50523592931313,44.33127312024744,126.1,-51.56,18588.60164602723,111.36605542940727,18800.0,18260.0,5947.057072532882,258.84874134583174,6475.0,5428.0,-15,6
42.0,60.0,12001,51.0,5.196801937249498,60.0,42.0,0.0,0.0,0.0,0.0,7.865652112323973,0.0015511976274421382,7.87,7.863,8.933349304224649,0.060675115517463594,9.078,8.859,870.5626447796016,2.703539094944142,880.1,862.9,677.065877843513,1.0816321377482976,681.0,675.4,0.478365411215732,0.0035709745658065936,0.4843,0.4734,0.8591650612448963,0.0052328752467770915,0.8682,0.852,221146.13782184818,1740.410954536349,223100.0,216400.0,-94870.43688025998,2425817.8726788084,3752000.0,-3256000.0,3550464.2113157236,274067.737198728,3911000.0,3019000.0,-3733.47837748521,15986.971560230942,16840.0,-30250.0,5.807327472710607,0.03913308599323556,5.857,5.716,-0.11754519575035415,0.823941438482752,1.125,-1.221,0.08065317739355055,0.8085434460894095,1.223,-1.171,11.319671694025498,0.3755739947594112,12.12,10.61,29.41458381326556,47.41390104479599,119.0,-63.99,19653.48554287143,93.10267617961885,19960.0,19400.0,4531.206232813932,217.57458770380876,4998.0,4090.0,-10,6
42.0,60.0,12001,51.0,5.196801937249498,60.0,42.0,0.0,0.0,0.0,0.0,7.89871977335222,0.0013346846626175525,7.901,7.896,8.86857420214982,0.05910282295357907,9.007,8.797,900.5244896258644,1.9756634433982185,905.2,895.8,703.2339471710692,0.621307084735246,704.7,702.2,0.4804334638780102,0.003702686422344738,0.4866,0.4752,0.8553094492125656,0.005008301845097647,0.8637,0.8484,225257.7618531789,1765.1331272592952,227100.0,220500.0,-96528.29123989664,2426564.8204646436,3792000.0,-3165000.0,3606678.610115824,268394.8762860449,3955000.0,3075000.0,-3385.8933703024745,16260.022553507426,17570.0,-30690.0,5.874258978418464,0.03884447954672899,5.922,5.785,-0.08822743252728939,0.530749653967646,0.732,-0.7651,0.02880934919423381,0.5125115781162137,0.7987,-0.7519,7.207908757603533,0.3166680432105479,7.907,6.589,25.472928157486876,52.46556748756108,128.0,-74.55,20329.443379718356,65.46200028548232,20460.0,20170.0,2939.5127906007833,158.95900265127074,3307.0,2579.0,-5,6
38.5005,55.0005,11001,46.750499999999995,4.7637892349473265,55.0005,38.5005,0.0,0.0,0.0,0.0,7.911078538314698,0.0012833246204541845,7.913,7.909,8.849483319698209,0.05888136700886893,8.985,8.777,911.706744841378,1.523772219101776,914.5,908.6,713.0582583401509,0.576646435694979,714.2,712.0,0.4818107172075266,0.003800929389232341,0.488,0.4765,0.8534869375511318,0.004869214356323533,0.8613,0.8466,226453.89510044543,1802.866797755618,228400.0,221600.0,476964.937042087,2411119.963046199,3720000.0,-3132000.0,3667895.2822470684,254707.81609257797,3952000.0,3109000.0,-6798.817571757112,16336.172496983469,17440.0,-29640.0,5.896147986546678,0.03894076746442433,5.944,5.807,0.026271761338060192,0.37274663216934106,0.5319,-0.5332,0.029941927520952632,0.3763006719157233,0.5316,-0.5228,5.14739896373057,0.02215722732117884,5.193,5.091,17.689419747295698,53.63353600457483,103.7,-53.78,20589.342787019363,84.11461247507432,20740.0,20390.0,1230.7024270520863,206.69697326921386,1629.0,820.6,0,6
42.0,60.0,12001,51.0,5.196801937249498,60.0,42.0,0.0,0.0,0.0,0.0,7.902228397633531,0.002328571845690331,7.907,7.898,8.872626781101575,0.059284474747155085,9.01,8.8,903.7881176568619,2.1652037159327007,909.3,898.3,705.9956086992751,1.0960785623626454,708.3,704.0,0.48241444879593365,0.004040461757633505,0.4893,0.4766,0.8533094492125656,0.004856362394317544,0.8611,0.8465,224724.44796266977,1803.12984760184,226600.0,219900.0,-101084.90900424965,2426757.9238801124,3721000.0,-3216000.0,3602925.2562286477,244837.15437593035,3906000.0,3100000.0,-3380.7290509957497,16333.637693611712,18380.0,-29800.0,5.874187567702691,0.03897925814359617,5.922,5.785,-0.035402765323723,0.5128237177566675,0.7807,-0.7219,-0.08644955849679195,0.5285440793382945,0.8219,-0.7386,7.194155903674694,0.3298109647086015,8.012,6.376,16.208891132322304,59.46491614756186,128.0,-91.39,20430.76243646363,142.4789235016776,20720.0,20050.0,-460.2390160103325,779.2277587960049,702.0,-1679.0,5,6
42.0,60.0,12001,51.0,5.196801937249498,60.0,42.0,0.0,0.0,0.0,0.0,7.872669694192151,0.002994198108810966,7.879,7.867,8.941529705857846,0.0606780188507763,9.08,8.867,876.9681609865845,3.1658440727154895,888.1,868.4,682.471527372719,1.4851414327502572,685.9,679.7,0.4824260144987918,0.004316270750249176,0.4895,0.4761,0.855223489709191,0.004941026447434654,0.863,0.8482,220113.04057995166,1794.0816859245454,222000.0,215300.0,-99338.9554537122,2427050.2726579467,3766000.0,-3192000.0,3543039.3300558287,228331.89137675107,3817000.0,3065000.0,-3787.2395059578366,16133.35866282834,18280.0,-29910.0,5.807097825181235,0.039109769829329746,5.855,5.718,-0.003696828672610617,0.7985691701344882,1.22,-1.145,-0.14379223300558286,0.8329766876219953,1.23,-1.195,11.314576285309558,0.418113727592025,12.39,10.28,11.368528745104577,63.21493974623449,149.4,-91.9,19855.354553787183,261.2727049740746,20360.0,19310.0,-2114.656853595534,1128.8775409176276,-291.2,-3984.0,10,6
45.501,65.001,13001,55.251,5.629814639488594,65.001,45.501,0.0,0.0,0.0,0.0,7.822823475117298,0.002884172663589921,7.829,7.817,9.054789785401121,0.06230797114303823,9.201,8.981,831.731659103146,2.649213368198495,840.3,824.8,643.1142296746405,1.4657580740194838,646.7,640.5,0.4814780016921775,0.004562411545898812,0.4892,0.4752,0.8589850396123374,0.0051038730407150954,0.867,0.8521,212865.5564956542,1748.4071035958023,214700.0,208000.0,683545.6430682256,2359831.389132015,3742000.0,-3174000.0,3477752.9420813783,197650.46117791618,3689000.0,3002000.0,-8816.25009314668,15615.16944554271,16800.0,-30000.0,5.6981656026459495,0.038963474471417965,5.744,5.608,0.027681345218829256,1.1659949043380369,1.718,-1.612,0.20043723085916468,1.12510107300778,1.632,-1.672,15.983873548188603,0.41466154206804084,16.96,15.22,6.675187906084146,63.663683044730696,120.7,-90.61,18913.366664102763,312.22498558574205,19480.0,18300.0,-3642.14437350973,1037.6676828353288,-2082.0,-5349.0,15,6
45.501,65.001,13001,55.251,5.629814639488594,65.001,45.501,0.0,0.0,0.0,0.0,7.755753942004461,0.002661489757379587,7.763,7.751,9.226468733174372,0.06477668000376777,9.379,9.149,770.822152142143,3.1323461369673575,785.9,763.7,591.0512575955695,1.8978433496655944,596.0,588.4,0.4797877394046612,0.004873308192917977,0.4882,0.4734,0.8652569879240058,0.005294208066347364,0.8736,0.8581,202989.72386739482,1697.1371167279478,204700.0,198300.0,662631.21935928,2369290.1171371806,3694000.0,-3218000.0,3349486.962541343,174325.14140583717,3528000.0,2901000.0,-9161.41911999077,15240.641831040542,15530.0,-29390.0,5.54420083070533,0.03870339542948927,5.59,5.454,-0.012110868708560945,1.4985276240401322,2.18,-2.087,0.26446706619490806,1.457778405133078,2.077,-2.151,20.80574648103992,0.4103587717709393,21.93,19.95,7.933876020844552,69.24888955253738,151.4,-124.0,17595.98261672179,259.5156838407649,18170.0,17030.0,-5004.796169525421,579.5196335593056,-4107.0,-5889.0,20,6
49.0005,70.0005,14001,59.500499999999995,6.062827341678137,70.0005,49.0005,0.0,0.0,0.0,0.0,7.577744875366045,0.004477680321067705,7.591,7.572,9.78556460252839,0.07763694436147407,9.96,9.686,609.1587529462181,5.237763630095056,633.5,601.7,456.6091207770874,3.606325843735975,467.9,452.8,0.472038047282337,0.005249993076272298,0.4811,0.4642,0.8865699307192343,0.006017541505778803,0.8952,0.8781,176515.27748018,1684.836196934052,178600.0,172200.0,-160086.9471966288,2332665.4336769306,3639000.0,-3291000.0,2980264.552531962,139684.23167411372,3118000.0,2632000.0,-6616.798854796086,13919.25304036717,12450.0,-29470.0,5.107522605528176,0.04018290956484403,5.159,5.021,0.03640264538247267,2.189480499673177,3.119,-3.042,-0.31993492074137564,2.0634116136039595,2.982,-3.074,30.638863652596243,0.39484304483035876,31.65,29.98,20.39923623789015,68.96248161045155,176.3,-133.9,14162.419827155203,324.541656610406,14760.0,13580.0,-6813.745303906864,654.9130588839221,-5608.0,-7854.0,30,6
49.0005,70.0005,14001,59.500499999999995,6.062827341678137,70.0005,49.0005,0.0,0.0,0.0,0.0,8.377437611599172,0.006816554186746023,8.402,8.368,8.11540925648168,0.060759823991304834,8.266,8.038,1335.5303192629099,8.197566622710479,1364.0,1319.0,1106.68009427898,6.736118754655373,1130.0,1100.0,0.48389135776016,0.004141037260405938,0.4897,0.478,0.8192718162988358,0.0068506895310489774,0.8319,0.8103,289803.3640454253,2121.815118401133,292400.0,283700.0,351428.51463466894,2413486.1692630183,3948000.0,-3096000.0,4494531.819155775,468642.8483301958,5099000.0,3627000.0,-2840.8360927790873,20190.31086667337,25750.0,-35520.0,6.8083117634454675,0.050115887239021426,6.87,6.691,0.014685384693950459,2.883663025386234,4.008,-4.159,0.09125502149846433,2.821329832148017,3.985,-4.066,30.651734161845585,0.40209001253720855,31.7,30.0,129.70683308335117,65.99496310778952,265.4,30.67,22822.341261338475,385.3982405487765,23490.0,22170.0,14512.287693736162,692.7086599084207,15730.0,13230.0,-30,8
45.501,65.001,13001,55.251,5.629814639488594,65.001,45.501,0.0,0.0,0.0,0.0,8.716654180447659,0.003308185597210675,8.725,8.712,7.7787272517498645,0.05191978341982955,7.909,7.718,1643.7131759095455,6.097524295638278,1666.0,1630.0,1416.5731097607877,3.1969547910998686,1427.0,1413.0,0.4859659795400354,0.003948575037525105,0.4921,0.4806,0.7994981539881547,0.005503065409357866,0.8097,0.7925,333136.4433505115,2338.648741022682,335500.0,326100.0,711803.4548880855,2384210.6116921045,4175000.0,-2959000.0,5056920.390739174,498990.3458758117,5686000.0,4137000.0,-2931.799943004384,22166.34645843779,31190.0,-37960.0,7.389862010614569,0.04870357469666942,7.446,7.268,0.007738590610722224,2.034333125013564,2.787,-2.926,-0.1563809094408122,1.933195442092589,2.749,-2.846,20.819702330589955,0.3955908869623303,21.75,20.24,126.74914929620797,66.443224050539,249.2,15.01,28610.254595800325,121.19331578671198,28920.0,28320.0,12252.358280132297,197.0502269299992,12660.0,11810.0,-20,8
45.501,65.001,13001,55.251,5.629814639488594,65.001,45.501,0.0,0.0,0.0,0.0,8.84374294285055,0.0023613052942834745,8.848,8.839,7.677198677024845,0.04955378260594466,7.805,7.62,1759.1402199830782,4.751448191955237,1773.0,1748.0,1537.9172371356049,1.658659031078199,1543.0,1535.0,0.4862891162218291,0.0038368625999876333,0.4924,0.4812,0.7927857010999154,0.004982960286620443,0.8023,0.7864,349034.5742635182,2476.7396196884383,351500.0,341600.0,692675.6513575878,2411109.799847466,4122000.0,-2889000.0,5256394.35428044,491777.26220981847,5878000.0,4338000.0,-1693.3698838550881,23185.77264781555,33110.0,-36890.0,7.596409276209521,0.04833872570906411,7.653,7.474,-0.008665226318744718,1.570263028775635,2.163,-2.273,-0.09217925828243981,1.5059389949825326,2.187,-2.195,15.99079916929467,0.3820525937043622,16.91,15.45,108.82762402892085,68.9590716586563,227.1,14.19,30917.92862087532,96.27305628350648,31140.0,30720.0,10310.588954695793,446.8335349454431,11140.0,9531.0,-15,8
42.0,60.0,12001,51.0,5.196801937249498,60.0,42.0,0.0,0.0,0.0,0.0,8.938936505291226,0.0032662620969532334,8.949,8.933,7.612763269727522,0.048738703348652705,7.736,7.555,1845.4153820514957,5.175312554758499,1863.0,1834.0,1630.9110074160487,2.561590585299545,1639.0,1627.0,0.4866946671110741,0.003829902726083133,0.4927,0.4815,0.787903133072244,0.004676942753164083,0.7965,0.7816,360364.87792683946,2631.5810527476197,363000.0,352700.0,249757.09458378467,2353824.0231580306,4072000.0,-2865000.0,5379898.591784018,480187.81217927334,6000000.0,4493000.0,3661.1485073243903,23321.42304843078,34800.0,-35340.0,7.742873843846347,0.04871442548121807,7.801,7.621,-0.09895377926839427,1.1054905285243568,1.519,-1.614,0.11978619295392053,1.0830603424668017,1.636,-1.566,11.351772352303975,0.3822356605187505,12.21,10.62,83.65691459036746,74.70830483442754,216.8,-25.28,32678.19598366803,96.44879602082923,32870.0,32470.0,7958.197733522206,720.7473407153128,9108.0,6746.0,-10,8
42.0,60.0,12001,51.0,5.196801937249498,60.0,42.0,0.0,0.0,0.0,0.0,9.012401549870843,0.0036395962593442906,9.022,9.006,7.587316473627198,0.04785144723792296,7.711,7.53,1895.860094992084,4.541733328180913,1907.0,1885.0,1689.2749770852429,1.7140735014067165,1694.0,1686.0,0.48700130822431464,0.003834453779667417,0.4931,0.4818,0.7849988584284643,0.004403011605334043,0.7932,0.779,367367.5193733855,2721.6496078013774,370200.0,359400.0,278598.1901008249,2344341.480135784,4096000.0,-2849000.0,5481879.676693609,463668.6766299418,6060000.0,4602000.0,3948.0084639613356,23725.14190602316,36400.0,-35840.0,7.832402799766686,0.048438152030819,7.89,7.711,-0.07254544083826348,0.7028263162065237,0.9782,-1.043,0.060119916556953645,0.7029375524854017,1.061,-0.9661,7.25897500208316,0.2930967804469819,7.84,6.724,53.11274920181652,82.36332411417241,182.2,-67.52,33839.47921006583,86.45839320298954,34010.0,33610.0,5305.448379301725,845.0752729920462,6660.0,3946.0,-5,8
38.5005,55.0005,11001,46.750499999999995,4.7637892349473265,55.0005,38.5005,0.0,0.0,0.0,0.0,9.04715725843105,0.002588645537627647,9.053,9.042,7.587218525588583,0.04675734134335135,7.708,7.531,1910.77165712208,4.00731606724345,1919.0,1901.0,1708.847741114444,1.0313259940790962,1711.0,1707.0,0.4873743568766476,0.0039897331429888695,0.4939,0.4821,0.7833912917007545,0.004256914863916145,0.7911,0.7777,369439.9054631397,2707.857950848084,372400.0,361400.0,890454.0024543223,2416264.1602714863,4075000.0,-2822000.0,5596294.609580947,412676.97847219446,6042000.0,4660000.0,-1542.894900463594,24963.75997683666,36550.0,-35460.0,7.862600763566948,0.047590969878353886,7.92,7.741,0.05443301707166622,0.506104388067585,0.7293,-0.727,0.07336395689573676,0.5054248051821455,0.7174,-0.7028,5.239487046632124,0.041121753150795616,5.32,5.172,28.130339146441234,91.46008150340678,149.4,-103.0,34305.19134624125,90.0486849210717,34480.0,34050.0,2561.5864921370785,798.392689775285,3800.0,1229.0,0,8
42.0,60.0,12001,51.0,5.196801937249498,60.0,42.0,0.0,0.0,0.0,0.0,9.01687467711024,0.0029047879207412387,9.025,9.011,7.590893425547871,0.04756100003440843,7.713,7.534,1897.8183484709607,3.73217987761739,1910.0,1888.0,1691.7564369635863,1.366170598319841,1695.0,1689.0,0.48777271894008833,0.004264379284462018,0.4949,0.4821,0.7820091909007583,0.004230679380466394,0.7893,0.7762,365961.41154903756,2788.1140532679187,369200.0,357900.0,282571.4456286976,2337298.1598909316,4112000.0,-2899000.0,5469080.826597784,406796.30955370946,5935000.0,4650000.0,4079.497609699192,23920.201135647894,37190.0,-35830.0,7.832435380384968,0.048027120929644326,7.889,7.712,-0.06101354847929339,0.7087783657671465,1.039,-0.9678,-0.06929174676610284,0.6995425402215913,1.059,-0.9778,7.271013165569536,0.27197065863799874,7.815,6.784,-11.905586866094492,102.7926148219587,147.5,-159.9,34013.52553953837,112.09249693227146,34200.0,33700.0,-366.6944270727439,490.94153747771776,536.0,-1135.0,5,8
42.0,60.0,12001,51.0,5.196801937249498,60.0,42.0,0.0,0.0,0.0,0.0,8.94421098241813,0.0032437092003507937,8.953,8.938,7.617008165986167,0.048484708241992844,7.742,7.558,1850.2221481543204,4.222615234470513,1869.0,1841.0,1636.0417465211233,2.444553213999772,1643.0,1632.0,0.4882385217898509,0.004640561580388678,0.4958,0.4819,0.7816934838763437,0.004303750403612466,0.7892,0.7757,357496.6419465045,2808.463320489894,361100.0,349500.0,252468.02503958004,2334870.3795162993,4071000.0,-2864000.0,5355451.462378135,369813.4085788869,5762000.0,4588000.0,3934.39973043913,23712.654627628563,36720.0,-35000.0,7.742771185734522,0.04822571035940192,7.805,7.622,-0.040835247608532604,1.1277199158218574,1.626,-1.523,-0.14775249607532706,1.062152756826851,1.598,-1.58,11.361655695358719,0.35265093710982487,12.12,10.71,-39.90251649170902,115.27119921399161,139.4,-221.9,33005.654528789266,184.52391075331204,33340.0,32590.0,-3121.0824097991836,860.668827496802,-1697.0,-4444.0,10,8
45.501,65.001,13001,55.251,5.629814639488594,65.001,45.501,0.0,0.0,0.0,0.0,8.85213683562803,0.0034156829412591606,8.859,8.846,7.68449296207984,0.04889221237818154,7.81,7.625,1766.5964156603338,4.046512201597164,1776.0,1755.0,1545.9380816860241,2.372262077836621,1551.0,1542.0,0.48880853011306824,0.005011346234070069,0.497,0.4822,0.7835644642719791,0.004370333225225718,0.7912,0.7776,344904.8534728098,2729.4674564529932,348100.0,337100.0,686534.874701946,2398013.5696234056,4045000.0,-2871000.0,5196769.017767864,323467.2216612624,5544000.0,4477000.0,-1236.5763924082764,23426.05147659106,35850.0,-34550.0,7.595912160603031,0.047313349626480705,7.654,7.475,0.06383720230828398,1.5389536258050984,2.266,-2.182,0.06323659925390357,1.5392073100895955,2.158,-2.217,15.996775632643642,0.36647432846606953,16.91,15.35,-58.50704011584494,127.74311977724723,132.0,-260.3,31421.379124682717,294.7626388357547,32060.0,30740.0,-5653.058149373125,1178.549202133354,-3825.0,-7516.0,15,8
45.501,65.001,13001,55.251,5.629814639488594,65.001,45.501,0.0,0.0,0.0,0.0,8.728325436504884,0.00400499762938393,8.742,8.721,7.789726328743943,0.05159821126720103,7.917,7.725,1654.100684562726,5.046226342581662,1670.0,1642.0,1427.5939543112067,3.623932042248592,1440.0,1422.0,0.48978465502653645,0.0056567490573907735,0.4988,0.4824,0.7874028151680641,0.00468784514187693,0.7952,0.781,327978.75548034767,2722.2181603593763,331700.0,320600.0,706669.5219136989,2369118.4180535455,4048000.0,-2941000.0,4977253.51896008,289019.34382980084,5296000.0,4314000.0,-2428.468972463657,22461.562792991266,35010.0,-34730.0,7.388836704868856,0.04784006715042001,7.448,7.271,0.07568878418583189,2.0076979125015293,2.894,-2.831,0.13586108018167833,1.9582447739984006,2.767,-2.852,20.809420044611954,0.36990909768340996,21.79,20.21,-69.17120335751096,138.55222463496023,169.4,-297.9,29237.154065071918,417.3644506264721,30060.0,28390.0,-7888.187293285132,1108.3638864748377,-6142.0,-9670.0,20,8
49.0005,70.0005,14001,59.500499999999995,6.062827341678137,70.0005,49.0005,0.0,0.0,0.0,0.0,8.396459110063567,0.006029184027421971,8.416,8.39,8.133031140632813,0.06243330637149902,8.286,8.052,1352.819584315406,7.703432769044663,1388.0,1343.0,1123.4101135633168,6.121059244931405,1144.0,1118.0,0.4914991714877509,0.0077476356319168,0.5034,0.4809,0.8014554603242626,0.006073172888427356,0.8112,0.7929,283507.04949646455,2727.2261446215375,287500.0,277300.0,370190.5432040568,2399821.7353874384,3869000.0,-3036000.0,4409805.585315335,217597.74171675253,4662000.0,3852000.0,-2177.701362831226,20819.253531165094,28700.0,-32720.0,6.808631240625669,0.051172974937495036,6.873,6.695,-0.04597158590814945,2.8646898461067702,4.152,-4.017,-0.06919641071352048,2.8417204458009793,3.988,-4.084,30.65438611527748,0.3495557945103686,31.69,30.17,-79.16649888722233,149.89216898542242,182.9,-303.5,23562.53839011499,440.4484553607428,24490.0,22790.0,-10864.083994000428,214.97339988657055,-10400.0,-11320.0,30,8
49.0005,70.0005,14001,59.500499999999995,6.062827341678137,70.0005,49.0005,0.0,0.0,0.0,0.0,11.67015284622527,0.005928580347277756,11.68,11.66,7.5309898578672945,0.05251627812934186,7.671,7.474,3178.9195057495895,15.695932782958085,3214.0,3141.0,3667.765731019213,3.41703294167628,3679.0,3661.0,0.47835283194057565,0.004294003045889843,0.4845,0.4723,0.7709844796800229,0.006899182339930141,0.784,0.7624,611723.06978073,4173.148079095369,616000.0,598400.0,952536.8689665024,2584079.575935738,4750000.0,-2554000.0,8734899.864295408,977241.2709696672,10040000.0,6993000.0,1542.5743000499972,39302.42881601036,54040.0,-60590.0,10.208448682236982,0.0707459768559248,10.28,10.02,0.04643715262909787,4.254545622636566,6.044,-6.247,0.11854980865652455,4.3118247114195265,5.992,-6.097,30.685858867223768,0.37312407904855904,31.76,30.18,767.10493536176,183.24083295117507,1046.0,513.6,49023.33690450682,866.3952207616757,50480.0,47590.0,31009.252196271696,1633.6372536349443,33650.0,28150.0,-30,12
45.501,65.001,13001,55.251,5.629814639488594,65.001,45.501,0.0,0.0,0.0,0.0,11.902511345281136,0.004336824224200637,11.91,11.9,7.074781555264979,0.04446307337118903,7.199,7.028,3926.1379124682717,14.66609833004337,3953.0,3897.0,4619.965771863703,7.854688793125739,4638.0,4603.0,0.47243998923159763,0.004366049962701576,0.4787,0.4666,0.7413505807245596,0.005617430552208658,0.7521,0.7344,691722.1059918468,4517.040953969882,696100.0,676900.0,1199008.1380739943,2591821.019217219,4951000.0,-2338000.0,9648980.770709945,976414.1736749188,10980000.0,7912000.0,7692.436491039151,43885.07900944254,66600.0,-60780.0,11.076609491577571,0.06857435402468795,11.15,10.89,-0.13573220050765322,2.944373922997993,4.186,-4.366,0.022547979386201056,3.028074772006247,4.178,-4.254,20.877722482885932,0.37304254889492716,21.81,20.35,582.8263133605107,144.53032472545738,798.9,374.0,60285.50034612722,298.0890380985102,60930.0,59610.0,25811.527574801938,674.5667362984552,27010.0,24630.0,-20,12
45.501,65.001,13001,55.251,5.629814639488594,65.001,45.501,0.0,0.0,0.0,0.0,11.976338743173603,0.004817629285027739,11.98,11.97,6.9232931312975925,0.04173943890064003,7.047,6.878,4211.805630336128,13.23882352389629,4238.0,4183.0,4986.630413045151,9.165416330641781,5002.0,4966.0,0.46976913314360436,0.0040946960357791246,0.4761,0.4641,0.7304613568187063,0.004968800549163068,0.7404,0.724,719831.2437504807,4753.628321030609,724700.0,703800.0,1285149.5023459734,2566413.949059706,5021000.0,-2243000.0,9990438.812399046,945919.8642906446,11250000.0,8271000.0,10174.015859287747,45208.79618054753,71500.0,-59310.0,11.385959541573724,0.06743318899751263,11.46,11.19,-0.0843321691716022,2.2955612861514285,3.238,-3.4,0.019095413391277613,2.3452955953754033,3.345,-3.325,16.07828551649873,0.3772644129033221,17.02,15.52,445.1719636951003,130.79870781847185,627.9,246.2,64630.1761402969,193.64898788961028,65050.0,64150.0,21711.682178293977,1094.7808881851415,23410.0,19700.0,-15,12
42.0,60.0,12001,51.0,5.196801937249498,60.0,42.0,1.9727898508457629,0.44750284691867986,2.62,1.266,12.099230897425214,0.04222676992859823,12.16,12.03,6.8664133822181475,0.041082610078976824,6.995,6.809,4177.519373385551,23.518942269455536,4226.0,4125.0,4999.091659028414,5.1384107065375755,5009.0,4990.0,0.4423206316140321,0.009515291165681653,0.4612,0.4241,0.6248297141904842,0.024222546356510635,0.6689,0.5866,640994.1421548204,24803.820502416856,681600.0,592800.0,754494.529380885,2462497.273039143,4710000.0,-2634000.0,8967032.91392384,940400.1635828122,10530000.0,6971000.0,7880.41447446046,38070.52226397622,64330.0,-55150.0,11.607996833597198,0.07042007519147075,11.73,11.37,-0.04659465458711778,1.684930936336903,2.315,-2.436,0.18395399036163654,1.6286439922558904,2.523,-2.392,11.442720606616115,0.38475012152846083,12.5,10.79,132.33220613865512,139.67226771235917,395.5,-138.7,58933.29472543955,2401.4121353652617,63310.0,54930.0,15095.937838513457,2099.4219892950573,18580.0,11620.0,-10,12
42.0,60.0,12001,51.0,5.196801937249498,60.0,42.0,2.5613206399466715,0.22490475061261692,2.876,2.17,12.092458961753188,0.03057359432400174,12.15,12.04,6.786533455545371,0.03927518811497343,6.914,6.731,4181.918173485543,16.515194131371956,4221.0,4144.0,4999.6707774352135,3.5903138401182724,5008.0,4994.0,0.4287749020914924,0.006103672122241595,0.4429,0.4172,0.5891497708524289,0.012402421544029948,0.6139,0.5697,618540.0466627781,13727.334997411435,643800.0,583900.0,677463.2517198568,2437864.7546391976,4505000.0,-2625000.0,8668291.05907841,875513.7801281167,9885000.0,6897000.0,6822.661451545706,36737.56421655995,61100.0,-52940.0,11.740220814932087,0.0669402188775113,11.84,11.52,-0.06542177280459967,1.0817235359974557,1.526,-1.555,0.10457421252395635,1.0660058429012764,1.69,-1.519,7.3881853178901755,0.3094776405295718,8.283,6.818,2.323448622614785,141.91363996934444,252.8,-240.5,57950.37913507208,1314.702113754777,60770.0,55790.0,10042.768852595616,2172.7206148973096,13610.0,6687.0,-5,12
38.5005,55.0005,11001,46.750499999999995,4.7637892349473265,55.0005,38.5005,2.8209862739750933,0.3032252419523029,3.32,2.385,12.098839196436689,0.03569094173150049,12.16,12.04,6.7638173802381605,0.04021603944707861,6.893,6.706,4178.505135896737,20.132668973183847,4224.0,4137.0,4999.25397691119,4.5739617650567155,5008.0,4989.0,0.42237394782292514,0.008190095756161515,0.4385,0.4049,0.57306814835015,0.016647001311133905,0.6009,0.5423,606486.5012271611,18170.398518250084,635900.0,564100.0,823520.839132806,2426135.464325375,4496000.0,-2617000.0,8591920.279974548,801939.2435094457,9716000.0,6860000.0,4280.453677302064,36778.760898753375,59700.0,-51880.0,11.786401236251248,0.06760663290696343,11.88,11.57,-0.03564849456140349,0.7728670638726907,1.121,-1.117,0.08346642299700027,0.7965383566047303,1.119,-1.103,5.39704799563676,0.04047416758457146,5.52,5.321,-93.79935630397236,153.19886553220874,147.1,-334.9,57514.083265157715,1707.4921051256104,60340.0,54260.0,5428.9088264703205,1843.908128000092,8215.0,2531.0,0,12
42.0,60.0,12001,51.0,5.196801937249498,60.0,42.0,2.6139371719023416,0.3940838750219317,3.269,1.941,12.089270060828266,0.04881376661425769,12.16,12.02,6.786570285809516,0.04106100640502268,6.918,6.723,4181.428214315473,23.531950632124172,4233.0,4135.0,4999.064661278227,5.797009450628369,5010.0,4989.0,0.4280199066744438,0.009757517931896855,0.4481,0.4111,0.5837476460294976,0.021351536041544297,0.6223,0.5506,612591.0090825765,23069.902723173214,653500.0,558500.0,679497.2162569786,2427065.4724454717,4550000.0,-2609000.0,8600774.60211649,874425.0255310052,9993000.0,6596000.0,6782.29433151404,37087.10817636113,64800.0,-51750.0,11.737471044079662,0.07121735871483822,11.85,11.51,-0.10874958380051664,1.0567527105151384,1.569,-1.505,-0.057771026789434216,1.0893661957189558,1.646,-1.539,7.386077326889426,0.27495125480720006,8.066,6.826,-174.49025605442046,170.4489153908286,91.37,-451.1,58274.432130655776,2165.2053896988377,62500.0,55090.0,501.36725837263566,1474.0508527294385,2875.0,-1774.0,5,12
42.0,60.0,12001,51.0,5.196801937249498,60.0,42.0,1.9981338305141239,0.7916895159280563,3.089,0.7932,12.104823764686275,0.07741869512716446,12.22,11.99,6.867570785767853,0.045519367780365014,7.019,6.793,4175.1869844179655,38.064931812807906,4246.0,4099.0,4999.039913340555,8.034425313973971,5013.0,4984.0,0.4416077993500542,0.015539133850756913,0.4677,0.4142,0.6176421964836263,0.04189671847899812,0.6838,0.556,633744.4129655862,42130.36407775439,699200.0,560100.0,768024.5357220232,2432790.4548664046,4742000.0,-2594000.0,8896435.797016915,922600.9055374295,10380000.0,6761000.0,8482.200550037498,38944.213451251766,73120.0,-53430.0,11.610195817015247,0.07981282260702803,11.74,11.36,-0.12357831285726191,1.6548833234982576,2.459,-2.326,-0.14018229697191903,1.6595985326027758,2.482,-2.434,11.440741604866261,0.38407774817484447,12.46,10.61,-271.7157416776102,198.62788914001945,47.78,-609.2,59944.71794017165,4004.431957950144,66930.0,53140.0,-4671.570880759937,2532.314344190564,-15.39,-8982.0,10,12
45.501,65.001,13001,55.251,5.629814639488594,65.001,45.501,0.0,0.0,0.0,0.0,11.97460503038228,0.006017901698030153,11.99,11.96,6.921042612106762,0.03975872656304333,7.043,6.879,4202.848088608569,12.077751239371821,4230.0,4171.0,4975.330282285978,17.094924500618543,5003.0,4946.0,0.46875261133758944,0.004892271564928417,0.477,0.462,0.7197405507268672,0.004072836487083933,0.7271,0.714,708849.1192985155,5497.174046138279,715300.0,690700.0,1281087.0645796477,2446495.225354921,4840000.0,-2168000.0,9876974.001999846,620328.3864344301,10690000.0,8578000.0,12473.740540419967,45577.903202526264,78780.0,-53240.0,11.38499653872779,0.0626343631687711,11.45,11.19,0.052964436054149654,2.3262694797441212,3.423,-3.257,-0.07241895916467964,2.3118761427755956,3.344,-3.334,16.070238443196676,0.39495768622689614,17.23,15.24,-418.2205268825475,268.47138271281347,-48.53,-815.9,65770.21767556341,602.5823074311819,66950.0,64500.0,-11267.343973540497,1900.0023230300083,-8042.0,-14390.0,15,12
45.501,65.001,13001,55.251,5.629814639488594,65.001,45.501,0.0,0.0,0.0,0.0,11.902129066994847,0.006935235704400313,11.91,11.89,7.073047688639336,0.04074053021920357,7.197,7.031,3923.2396738712405,12.132287425318967,3952.0,3894.0,4616.552649796169,17.50658384110738,4646.0,4588.0,0.4722047611722175,0.005766567805252335,0.4813,0.4644,0.7273917237135604,0.004543710356691558,0.7355,0.721,678281.0091531421,5378.214181448427,685500.0,661100.0,1191800.3633420505,2442623.817443191,4723000.0,-2232000.0,9514141.142989,595721.7804415985,10370000.0,8284000.0,10377.052238520113,44557.45539490385,76170.0,-52220.0,11.075828782401354,0.06119985851518805,11.14,10.89,0.10699441108068611,2.973253924076474,4.378,-4.228,-0.090958338027844,2.9974850458784674,4.172,-4.281,20.872061379893854,0.4087682393031356,22.1,20.16,-513.6584939620029,304.9361123453585,-87.52,-959.4,61733.43896623336,909.8602743033439,63460.0,59890.0,-16073.498192446736,1950.9492423750214,-12930.0,-19270.0,20,12
49.0005,70.0005,14001,59.500499999999995,6.062827341678137,70.0005,49.0005,0.0,0.0,0.0,0.0,11.691377758731518,0.003446769026089702,11.7,11.69,7.543367259481466,0.045189737734947555,7.68,7.496,3191.021284193986,7.749634356859283,3210.0,3173.0,3688.2546246696666,1.560797942734803,3691.0,3685.0,0.4814278908649382,0.008183570817791202,0.4937,0.4703,0.7518617813013356,0.0060056936031827705,0.7622,0.7428,596226.7480894222,5149.539042064896,604600.0,581500.0,963312.2131976287,2408914.538659983,4493000.0,-2427000.0,8560179.630026426,574235.9749658974,9497000.0,7421000.0,5398.522709312193,41376.756331714656,69960.0,-50900.0,10.208015856010284,0.05896795769130577,10.27,10.03,-0.0906578520105707,4.27779276885569,6.241,-6.044,-0.0990600056545961,4.287394259019787,5.974,-6.111,30.683627598028714,0.38176028887773233,31.74,30.2,-621.1379472894794,351.2121511716465,-123.5,-1123.0,51092.67552317691,857.6033205102083,52860.0,49000.0,-22972.530533533318,732.8407565863555,-21650.0,-24280.0,30,12
49.0005,70.0005,14001,59.500499999999995,6.062827341678137,70.0005,49.0005,3.1563021212770517,0.592555288681808,4.172,2.147,12.092274837511606,0.07690450777483525,12.26,11.97,6.6955275337475895,0.04866391420149145,6.856,6.618,4175.090707806586,44.24113535184638,4269.0,4048.0,4996.996214556103,9.447224835790056,5015.0,4979.0,0.4068044639668595,0.01651295636549422,0.4366,0.3752,0.5501094636097421,0.03303503027747514,0.6119,0.492,593874.7732304835,35406.55410463766,656100.0,520000.0,889275.3837654453,2474226.990708439,4632000.0,-2694000.0,8425095.20748518,1052241.0904516536,10210000.0,6203000.0,-3295.944999642883,36577.88476408467,57810.0,-60800.0,11.902572673380472,0.0886136607917588,12.05,11.62,0.3493552679237198,5.072101195891831,7.024,-7.263,0.027776939266052455,4.904609903697709,6.988,-7.142,30.686433826155277,0.3769826294728756,31.79,30.06,425.57988343689743,260.1049374242291,975.3,-61.44,47347.49946432398,3092.7554722545588,52850.0,41830.0,31147.754446110994,2036.185937338068,35470.0,27050.0,-30,14
45.501,65.001,13001,55.251,5.629814639488594,65.001,45.501,5.933708791631412,0.1429075358633939,6.263,5.721,12.0959503115145,0.02553712817604971,12.17,12.05,6.171948465502655,0.03665189204045476,6.284,6.12,4178.530882239827,19.20589222644726,4223.0,4120.0,4998.755634181986,4.264582672306097,5006.0,4989.0,0.3198191908314745,0.0055790843051218295,0.3299,0.3052,0.3977634028151681,0.007829654118794724,0.4114,0.3778,506924.5058072456,10835.37544147304,525800.0,471700.0,540532.8683793554,2435435.5130303926,4158000.0,-2883000.0,7106404.045842627,811931.6358369482,8222000.0,5384000.0,-8263.743826167218,29296.012841744527,36510.0,-56580.0,12.923915852626722,0.0741117368171823,13.02,12.7,-0.0534984731174524,3.4866873358429045,4.871,-5.085,0.06970103385124224,3.4703159658475013,4.86,-4.964,20.837423275132686,0.38319353211549473,21.84,20.27,-53.47760081301439,190.3151392033229,255.4,-398.0,44208.590877624796,936.8654769569036,45700.0,41930.0,20415.920313822015,615.0121207964482,21580.0,18900.0,-20,14
45.501,65.001,13001,55.251,5.629814639488594,65.001,45.501,6.723514421967541,0.04740941284814698,6.882,6.639,12.095966464118145,0.012172103599105333,12.12,12.07,6.003946696407969,0.03403464531305445,6.1,5.962,4181.326974848089,11.952975265021356,4211.0,4152.0,4999.761326051842,2.3798576999940484,5005.0,4993.0,0.2954420890700715,0.00253260293071803,0.3019,0.2885,0.36069374663487425,0.002783093486384374,0.3665,0.3517,486007.2917467887,5899.929130880801,496500.0,465200.0,478610.6277347897,2420443.6922139176,4115000.0,-2998000.0,6787463.656641797,804807.2433856319,7820000.0,5208000.0,-9822.947240726866,27480.3619710817,31100.0,-54690.0,13.287157141758325,0.07334320164572246,13.38,13.07,-0.044330265710330045,2.7032030569812515,3.77,-3.961,0.05294073805861084,2.690755305584279,3.934,-3.901,16.013032843627414,0.40420405309274055,17.15,15.19,-133.80977449503885,180.8991537161885,216.8,-463.1,43969.03161295285,446.8136169682341,44990.0,42720.0,16355.944158141681,966.8563903965544,18140.0,14510.0,-15,14
42.0,60.0,12001,51.0,5.196801937249498,60.0,42.0,7.29198441796517,0.027479735088120186,7.354,7.253,12.09946921089909,0.007414618856393454,12.12,12.08,5.890472377301892,0.032190794612067176,5.983,5.854,4179.476710274143,12.669483482373453,4205.0,4144.0,4999.660528289309,1.9761703758077582,5004.0,4995.0,0.27837015248729274,0.0019191011051390007,0.2835,0.2736,0.33543597200233316,0.0017492508131243224,0.3395,0.3309,470010.79076743603,5289.000477371378,477200.0,451000.0,275777.72809765855,2409869.7798595508,4080000.0,-3087000.0,6562520.456628614,852900.6580110373,7616000.0,4921000.0,-9583.09911932339,26182.346139268164,28800.0,-53870.0,13.548465127906008,0.07234404355579235,13.63,13.34,0.016634645471210734,1.9608127135392104,2.66,-2.853,0.21945336731105744,1.8880203774827582,2.916,-2.813,11.38758353470544,0.42825632146593956,12.51,10.53,-158.64216792433965,181.95641499803423,199.9,-574.4,43831.28072660611,400.5550539805218,44500.0,42450.0,12626.357803516374,1358.0204005460782,14790.0,10520.0,-10,14
42.0,60.0,12001,51.0,5.196801937249498,60.0,42.0,7.616320973252228,0.0087857631571025,7.635,7.597,12.100753270560784,0.005634643098209314,12.11,12.09,5.823331055745355,0.0313508076923118,5.909,5.788,4179.87484376302,11.938976838252886,4206.0,4150.0,4999.922339805016,1.7234563309976119,5004.0,4997.0,0.2690680109990834,0.0016112218299204808,0.2732,0.2661,0.32142508957586874,0.0011114965710213069,0.3242,0.3188,460939.28839263396,5132.615687305362,466700.0,444500.0,262375.8686026165,2411635.007619381,4038000.0,-3079000.0,6432431.9640029995,918090.9685636794,7554000.0,4715000.0,-10245.55405699525,25615.87401563874,26910.0,-52310.0,13.705720356636945,0.0720463956517334,13.79,13.51,-0.03266916339471714,1.2610337559301579,1.757,-1.797,0.1380445271894009,1.22052894345168,1.99,-1.776,7.312626614448796,0.33578108888819985,8.291,6.711,-143.94911438880092,170.61156836039157,142.2,-500.0,44067.81851512374,299.52054586259675,44610.0,43310.0,9108.470627447712,1354.026130283808,11480.0,6997.0,-5,14
38.5005,55.0005,11001,46.750499999999995,4.7637892349473265,55.0005,38.5005,7.731427961094446,0.010258146027635407,7.749,7.707,12.100029088264701,0.005637461483482963,12.11,12.09,5.801503499681846,0.031295140655702575,5.885,5.765,4180.525406781202,11.610563954686896,4205.0,4153.0,5000.1721661667125,1.6507275883476602,5004.0,4997.0,0.26615834015089535,0.0016486770809887893,0.2705,0.2631,0.3160768475593128,0.0011762302292167687,0.3191,0.3129,456710.2445232252,5324.368980471113,463100.0,439800.0,475897.11805290426,2379176.3902277066,3972000.0,-3004000.0,6457946.823016089,976838.4168926874,7604000.0,4540000.0,-11983.674141441688,25918.393378551984,26330.0,-50530.0,13.757494773202437,0.07238191383177855,13.84,13.56,-0.00895964809108262,0.8793662744124915,1.297,-1.274,0.10866910509044636,0.9219576192666041,1.284,-1.263,5.310018543768749,0.04888385141153146,5.444,5.228,-111.42129264975911,167.32913764204778,146.1,-371.5,44482.98881919825,257.7492663995841,45000.0,43810.0,5753.772475229524,1154.6303511398046,7537.0,3864.0,0,14
42.0,60.0,12001,51.0,5.196801937249498,60.0,42.0,7.647671277393552,0.009519542134111963,7.675,7.625,12.099600866594448,0.004486908280276901,12.11,12.09,5.823134905424547,0.0312405433533066,5.908,5.788,4180.482293142238,11.154022022319015,4207.0,4155.0,4999.969752520623,1.5508605182548272,5003.0,4997.0,0.26908424297975164,0.0017234754216280464,0.2734,0.2658,0.3185127989334222,0.0012462689010210174,0.3214,0.315,456763.56136988587,5338.73717423772,463100.0,439500.0,266814.8863219732,2420626.5857572216,4046000.0,-3066000.0,6389875.927006083,1054654.5045754358,7680000.0,4436000.0,-10152.480374752104,26769.087288620252,29230.0,-51620.0,13.705445379551703,0.07163544539675523,13.79,13.51,-0.14200572568952585,1.214307332659756,1.817,-1.703,-0.02248318757603532,1.2706281443967362,1.919,-1.78,7.325947921006583,0.272626068154812,8.029,6.649,-77.90600683193068,182.93071370834613,292.4,-425.9,44955.44454628781,239.33920373700477,45490.0,44300.0,2160.932922256479,785.3122084380631,3451.0,812.1,5,14
42.0,60.0,12001,51.0,5.196801937249498,60.0,42.0,7.3585032080659944,0.04728112213707358,7.484,7.286,12.097681859845014,0.010757591663905155,12.12,12.08,5.8902741438213475,0.03211443868784985,5.981,5.847,4179.859761686526,12.83296854108696,4217.0,4143.0,4999.502708107658,2.3081407017066837,5005.0,4993.0,0.27817467711024085,0.0025873531258443537,0.285,0.2709,0.32922628947587707,0.0027062901370443026,0.3351,0.3214,461285.62619781686,6278.234959758285,471400.0,437600.0,285903.6011665695,2428220.897535324,4137000.0,-3148000.0,6472413.798850096,1098301.9765026257,7841000.0,4338000.0,-9426.64511790684,28326.046912698723,33550.0,-53460.0,13.54728022664778,0.07189160045848335,13.64,13.35,-0.19299505725356225,1.9023179800722767,2.832,-2.679,-0.10828652295642026,1.9521726045044583,2.894,-2.88,11.40507957670194,0.3743517673931179,12.35,10.44,-60.46502101408216,206.3274247223984,374.6,-465.5,45508.569285892845,470.4597870380702,46520.0,44230.0,-1512.0842549204233,1152.3500350554884,473.3,-3468.0,10,14
45.501,65.001,13001,55.251,5.629814639488594,65.001,45.501,6.80854934235828,0.07050911048438023,7.021,6.676,12.093308976232596,0.01835053518916083,12.13,12.05,6.003516267979386,0.03440310452149816,6.103,5.954,4182.469733097454,14.21018145278471,4219.0,4150.0,4999.8660103069,3.0109874428709213,5007.0,4992.0,0.2953903699715406,0.003615404374876998,0.3046,0.2853,0.3515940850703792,0.003960425726357366,0.3608,0.3402,473789.1239135451,7201.108366192303,487700.0,450400.0,487890.4983539728,2431220.2276926585,4130000.0,-3123000.0,6642290.285362665,1086728.6350986229,8029000.0,4583000.0,-10443.556328743942,31099.13649718945,39740.0,-54240.0,13.286423352049843,0.07331695462973063,13.38,13.08,0.0005220060149218293,2.7261128468452864,3.963,-3.789,-0.06421344780401508,2.6788468207592304,3.794,-3.921,16.04444811937543,0.3836983656323887,16.98,15.08,-83.68469805014999,223.89981396191646,360.8,-474.9,46380.08076301823,729.8853974952711,48140.0,44840.0,-5496.489193138989,1503.441491193087,-2972.0,-7863.0,15,14
45.501,65.001,13001,55.251,5.629814639488594,65.001,45.501,6.05751442196754,0.195573028175367,6.519,5.775,12.093930466887162,0.03485790181036099,12.19,12.03,6.172321898315515,0.03835516398443699,6.288,6.112,4177.9156218752405,24.702264669143148,4227.0,4098.0,4998.321590646873,5.647344028597983,5008.0,4985.0,0.3190966310283825,0.007766457624539776,0.3348,0.2981,0.38425788785478043,0.01047175106068531,0.4026,0.3571,489756.2725944158,14152.403522342944,514700.0,446600.0,546967.8694254288,2432982.5246968996,4203000.0,-3018000.0,6899314.437350973,1067184.4084239092,8298000.0,4554000.0,-8879.474362133682,33550.714291929035,47850.0,-57130.0,12.922711329897698,0.07552937565105992,13.02,12.7,0.011024668333205246,3.5110278463846374,5.087,-4.908,-0.0831023256980233,3.4555778488951585,4.876,-5.022,20.865312668256287,0.3591186812615555,21.71,20.23,-151.85953748173216,253.54346480134802,314.7,-586.6,47029.077763248984,1399.771207744092,49800.0,43600.0,-9815.012075994155,1538.6566531857015,-6793.0,-12490.0,20,14
49.0005,70.0005,14001,59.500499999999995,6.062827341678137,70.0005,49.0005,3.3106248839368617,0.7092243538789538,4.4,2.104,12.098471537747304,0.09002098600873329,12.29,11.96,6.697106135276051,0.051176177691088856,6.869,6.612,4171.5716734518965,47.025710540459265,4262.0,4049.0,4996.6743804013995,10.234118359159853,5014.0,4978.0,0.40524977501607024,0.01901922531431076,0.4448,0.37,0.5262335904578244,0.03751220467338227,0.5959,0.4663,568470.1092779087,40177.82556579215,643800.0,491600.0,912554.8705878152,2377882.9980381,4417000.0,-2641000.0,8116929.076494536,914079.5593137426,9962000.0,5747000.0,-508.2559395757451,39721.99121517749,73930.0,-58140.0,11.90616027426612,0.08627090899541871,12.04,11.63,-0.34342471834868943,5.066115872434931,7.275,-7.074,0.08808086072423392,4.916359129915452,6.986,-7.149,30.693451896293123,0.36989408424691483,31.96,30.05,-567.5998693807585,396.17859109113857,39.9,-1349.0,50386.00314263267,3324.550647787525,57590.0,44560.0,-20807.127348046568,2267.928864183261,-15870.0,-26020.0,30,14
49.0005,70.0005,14001,59.500499999999995,6.062827341678137,70.0005,49.0005,7.2330034283265485,0.16482806882918918,7.607,7.009,12.099674308977928,0.038411042728563265,12.22,12.04,5.8627260909935,0.03948309453692114,5.994,5.804,4175.581744161132,27.678256930315253,4236.0,4090.0,4998.208413684737,5.642338983511213,5008.0,4984.0,0.2729689022212699,0.0064321105180355454,0.2839,0.2567,0.33145191772016286,0.008647505879109287,0.3457,0.3104,468714.2632669095,12932.192062627442,489100.0,427900.0,556207.0857224484,2398978.9880789584,4241000.0,-3067000.0,6614781.801299907,658626.2503121268,7544000.0,5043000.0,-16140.42875673166,30465.653248180406,31240.0,-62960.0,13.611947003785444,0.08532707017990314,13.73,13.36,0.3977689278051566,5.790066114159987,8.05,-8.332,-0.0680592223912577,5.610620436294725,8.012,-8.203,30.666296693093354,0.39543819126352764,31.81,29.89,-220.70583925791016,300.85419604794777,312.8,-733.2,37390.45782444111,1257.8802681309567,39850.0,33450.0,25130.269980715664,1208.7963428691362,27220.0,22050.0,-30,16
45.501,65.001,13001,55.251,5.629814639488594,65.001,45.501,9.388403045919544,0.04132644900840959,9.516,9.332,12.098017844781172,0.010651182166280679,12.13,12.07,5.4019466194908095,0.03124173854357543,5.489,5.364,4179.285901084532,17.216951185630258,4218.0,4125.0,4999.392815937235,2.9102324650547295,5005.0,4991.0,0.21456889470040766,0.002154168071023865,0.2188,0.2076,0.25217387124067375,0.0022850883514388487,0.2561,0.2445,420225.40573802014,6137.894768659137,429500.0,396400.0,324585.6529882317,2373357.593533984,3909000.0,-3060000.0,5792696.715637258,659880.6515138085,6549000.0,4352000.0,-17814.18957587878,24234.707383896373,18260.0,-57210.0,14.773375124990388,0.08249573392952586,14.87,14.56,-0.038137176978693885,3.999727497580989,5.565,-5.828,0.09046787922236733,3.948578513746406,5.56,-5.686,20.82738789323898,0.39490182741599944,21.77,20.27,-433.396790708407,250.13571469911545,-4.771,-869.2,36997.36404891931,440.01132554974436,37940.0,35600.0,17529.85616491039,755.497942319064,18820.0,15830.0,-20,16
45.501,65.001,13001,55.251,5.629814639488594,65.001,45.501,10.101562956695638,0.011837491677991585,10.15,10.08,12.098439350819168,0.007445362150207659,12.11,12.08,5.254906930236137,0.029392227368140435,5.331,5.222,4180.603261287593,15.234570054576688,4218.0,4145.0,4999.982001384509,2.264233412879185,5004.0,4993.0,0.19786631797554036,0.0012876149878894984,0.2011,0.1948,0.23041462964387358,0.0011858602019610227,0.2328,0.2272,405818.36012614414,5376.074114057321,412600.0,389100.0,294259.11519883084,2372388.170405185,4029000.0,-3286000.0,5548744.865779555,744665.3461439403,6396000.0,4036000.0,-19140.70955982617,22148.95877455096,15920.0,-57300.0,15.18762325974925,0.08212174767064381,15.28,14.97,-0.031139352511345305,3.1011850898123545,4.351,-4.556,0.06990421315283447,3.0603269149303856,4.466,-4.432,16.002480578417046,0.4429143606531381,17.2,15.07,-410.8184249288516,253.72486951379466,139.4,-989.0,37234.515806476425,434.31902285707037,38240.0,36020.0,14434.41196831013,1235.5049708674962,16710.0,12190.0,-15,16
42.0,60.0,12001,51.0,5.196801937249498,60.0,42.0,10.615901174902092,0.010259462272433252,10.64,10.6,12.099459211732354,0.0064471588325338,12.11,12.09,5.154430214148822,0.027868036954472014,5.226,5.124,4179.988584284643,15.417018291612463,4218.0,4145.0,4999.858928422632,2.2096788194124026,5004.0,4996.0,0.18653763853012248,0.001236416484440163,0.1902,0.1837,0.21556236146987748,0.0012325951172203072,0.2182,0.2113,394663.31139071746,5546.684264835845,400900.0,377000.0,177424.39443796352,2407771.000912785,4062000.0,-3564000.0,5403436.796933589,870605.3914906225,6428000.0,3668000.0,-19536.91823943838,21189.659897261685,14100.0,-58790.0,15.484912923923007,0.081564868870071,15.58,15.28,0.09220949109090906,2.2257079122970427,3.079,-3.313,0.23046468489292563,2.168930879564557,3.39,-3.232,11.373278060161653,0.46993170080991875,12.63,10.32,-328.42234771852344,270.82653580919043,360.8,-923.4,37554.67794350471,421.72372277867686,38430.0,36110.0,11580.051329055912,1394.255985653916,13920.0,9477.0,-10,16
42.0,60.0,12001,51.0,5.196801937249498,60.0,42.0,10.920704941254895,0.006623419289307511,10.93,10.91,12.099779185067908,0.005719228097901269,12.11,12.09,5.095394967086076,0.027124963680485573,5.164,5.066,4179.989250895758,15.836802111341786,4215.0,4146.0,4999.960836596951,2.0610594605804153,5004.0,4996.0,0.18020784101324888,0.0011676490683082054,0.1835,0.1779,0.20690656611949004,0.001244787217083857,0.2091,0.203,387629.38088492624,5708.213090947512,393500.0,370600.0,176142.7428130989,2406674.760362616,3955000.0,-3325000.0,5301585.951170736,1029995.9430984585,6540000.0,3326000.0,-20054.09863962253,20441.38495633365,11950.0,-54010.0,15.66429880843263,0.08150609612832727,15.75,15.46,0.012434093167236069,1.4372349329249463,2.006,-2.066,0.15810959626447796,1.3895955229021226,2.22,-2.056,7.28662911424048,0.3648138258284976,8.128,6.542,-202.13711402466464,225.602956685905,280.5,-700.4,38071.429880843265,303.01840747781995,38690.0,37140.0,8831.960669944172,1182.936757094972,10940.0,6855.0,-5,16
38.5005,55.0005,11001,46.750499999999995,4.7637892349473265,55.0005,38.5005,11.030250886283065,0.0061371266141465085,11.04,11.02,12.099957276611216,0.005634955190652857,12.11,12.09,5.075963457867466,0.026976139810888766,5.144,5.047,4180.036087628398,16.282329164441855,4214.0,4144.0,5000.050086355785,1.9979399030446285,5004.0,4997.0,0.17812527952004364,0.0011466583768608065,0.1811,0.1758,0.20325476774838652,0.0013183223647567782,0.2052,0.199,383683.01063539676,5886.746089060467,389800.0,366200.0,414934.13700572675,2358224.2244671923,3824000.0,-3151000.0,5327431.324425052,1200903.916009844,6709000.0,3045000.0,-21724.873206072178,21012.79688215212,11530.0,-51170.0,15.723996909371875,0.08177805656716053,15.82,15.52,0.024332142623397845,1.0021734712976587,1.483,-1.444,0.1181117061267158,1.0425432497450917,1.46,-1.434,5.27225070448141,0.06291594432765092,5.432,5.164,-51.28984156622125,195.94377822187266,258.1,-365.3,38671.8552858831,243.99665303500763,39130.0,38050.0,6124.301790746295,987.6921125005921,7847.0,4645.0,0,16
42.0,60.0,12001,51.0,5.196801937249498,60.0,42.0,10.945102908090991,0.0058871180591442045,10.96,10.93,12.09964419631697,0.005192789217378774,12.11,12.09,5.095228064327973,0.027634780000231896,5.165,5.064,4180.222814765436,16.480519291265338,4216.0,4144.0,4999.997333555537,1.9353706508441697,5004.0,4997.0,0.18014657945171236,0.0011716371055953108,0.1832,0.1778,0.20434565452878925,0.0013813922893128243,0.2063,0.1998,382792.43396383635,5983.810331524548,389400.0,365000.0,186995.96424464628,2429227.769944409,4002000.0,-3310000.0,5263878.260144988,1351791.9302768086,6921000.0,2807000.0,-20199.22970302475,23004.7516637889,17400.0,-53730.0,15.664051329055912,0.08324603312936384,15.76,15.45,-0.16038779873343886,1.3844694796693147,2.088,-1.954,0.02031613492375636,1.4463930476378561,2.157,-2.066,7.301425381218232,0.2752491170783433,7.875,6.582,95.40612101408215,225.56028801475816,573.4,-399.6,39300.129155903676,266.10607217930385,39980.0,38620.0,3303.006916090326,691.7872632070464,4433.0,2102.0,5,16
42.0,60.0,12001,51.0,5.196801937249498,60.0,42.0,10.658968419298391,0.012966717108667142,10.71,10.64,12.098730939088409,0.005262858873879705,12.11,12.09,5.153998416798601,0.028513410543577648,5.228,5.118,4180.08132655612,17.00540753525492,4216.0,4138.0,4999.836180318307,2.0030795146845812,5004.0,4995.0,0.1863617698525123,0.0013858210565200404,0.1901,0.1832,0.21040368302641446,0.0015758415003375359,0.2131,0.2056,385121.53987167735,6029.639444328155,393200.0,365900.0,194106.65192900592,2449464.9190222165,4144000.0,-3506000.0,5328542.704774602,1474297.3053956877,7140000.0,2684000.0,-19790.66700858262,25556.390368124208,24430.0,-56540.0,15.484073827181067,0.08421823366959522,15.59,15.27,-0.244645334572119,2.158387800624832,3.251,-3.118,-0.056970725239563404,2.2430395638289413,3.279,-3.283,11.39410632447296,0.40005931230360264,12.38,10.41,219.78111412548955,275.72691296960926,895.6,-412.2,39935.92700608283,318.77940544851896,40660.0,39120.0,272.6789927797683,465.56993866692085,1279.0,-785.4,10,16
45.501,65.001,13001,55.251,5.629814639488594,65.001,45.501,10.158613952772862,0.014665562563539925,10.21,10.13,12.097794785016537,0.00725086990231623,12.11,12.08,5.254398738558572,0.02985796754805921,5.329,5.218,4181.042381355281,15.635904558894532,4217.0,4148.0,5000.019306207215,1.889651049227014,5005.0,4996.0,0.19765998000153834,0.001758742286513077,0.2025,0.1935,0.22267042535189602,0.00173890545918541,0.2265,0.2183,392068.4101222983,5885.0615057059185,400600.0,373500.0,321116.28067071765,2430934.318494527,4106000.0,-3461000.0,5385657.026382586,1545486.2095714204,7338000.0,2697000.0,-21470.225790862238,28593.544336850246,27580.0,-59080.0,15.18678486270287,0.08440324786905089,15.29,14.97,-0.019661194292746667,3.108608250336089,4.51,-4.328,-0.07126020721482963,3.0638193082599945,4.385,-4.515,16.03020383047458,0.3889795090360565,16.94,15.16,294.3530540669949,281.6434997902119,970.5,-297.7,40606.65102684409,411.8597395406888,41430.0,39710.0,-3057.885470348435,718.870892038626,-1523.0,-4304.0,15,16
45.501,65.001,13001,55.251,5.629814639488594,65.001,45.501,9.470126297977078,0.055248598046061956,9.642,9.404,12.097339435428042,0.013449252399740938,12.14,12.07,5.40177101761403,0.031497173645407876,5.488,5.36,4179.151834474271,18.061165902283598,4222.0,4131.0,4999.212599030844,3.15877746895289,5006.0,4991.0,0.21411497577109456,0.0030513222129906997,0.2209,0.2048,0.2412893315898777,0.003189240930806508,0.2473,0.2313,401999.8230905315,7134.893075545717,413800.0,374600.0,353456.92519037,2438830.1240960006,4075000.0,-3265000.0,5574197.830936082,1564235.7692441994,7522000.0,2697000.0,-20503.857068148605,31517.984478475988,32490.0,-64640.0,14.77235212675948,0.08439243128826991,14.87,14.56,-0.012048047304053481,4.011799162338554,5.79,-5.595,-0.09393176177217138,3.948630365947856,5.509,-5.75,20.857508653180528,0.3440991365733192,21.61,20.24,312.38626935081913,307.1000141563574,854.9,-211.8,41108.786247211756,683.0205902392977,42570.0,39470.0,-6640.320898392431,962.9109313076058,-4925.0,-8171.0,20,16
49.0005,70.0005,14001,59.500499999999995,6.062827341678137,70.0005,49.0005,7.368007785158203,0.23011242006453456,7.863,7.055,12.101927005213915,0.05658256255832976,12.29,12.01,5.8646901649882155,0.04262337381541421,6.01,5.794,4172.447682308407,36.07427845757898,4249.0,4062.0,4997.429255053211,7.124114867979012,5009.0,4981.0,0.27150857795871725,0.009789298602435912,0.2918,0.2479,0.31267270194986074,0.012129262569402945,0.3335,0.2837,442301.02135561744,17483.197270919816,473500.0,393100.0,609680.1991429183,2434125.495116735,4145000.0,-3141000.0,6367970.287836583,1354651.45964455,7885000.0,3266000.0,-15256.36801884151,36038.43343421363,47290.0,-70280.0,13.612099135776017,0.08838826942188849,13.75,13.36,-0.3602056748803657,5.760408168870022,8.281,-8.079,0.19394273213341906,5.652649920114588,7.993,-8.229,30.69233983286908,0.34152131779051825,31.59,30.08,71.11742673380473,414.814823946464,732.7,-605.5,42210.537104492534,1475.3348472459365,45050.0,38390.0,-14993.51832011999,1052.7788699963455,-12080.0,-17020.0,30,16
49.0005,70.0005,14001,59.500499999999995,6.062827341678137,70.0005,49.0005,10.042614598957217,0.07312615927089457,10.23,9.946,12.100813513320476,0.023536345879874666,12.18,12.06,5.2118015856010285,0.0330424778610801,5.319,5.166,4176.702021284194,25.527767560607693,4240.0,4084.0,4998.7681594171845,4.6644356990511895,5007.0,4986.0,0.1921130776373116,0.0033076918526002176,0.198,0.1824,0.22498154417541605,0.0036793692298593395,0.2304,0.2137,402951.6391686308,8162.749470618083,415200.0,371500.0,448111.8068780802,2373076.37130392,4374000.0,-3469000.0,5573533.819012928,441568.2256164367,6424000.0,4455000.0,-24413.660560888507,30732.000601993663,25960.0,-76510.0,15.315898150132135,0.09017812957937776,15.43,15.07,0.41812317898792956,6.484897900312578,9.142,-9.432,-0.18459918005856737,6.345009992092449,9.1,-9.204,30.668371544889652,0.43358833926264184,31.82,29.68,-782.695587750875,415.3062695096531,79.62,-1525.0,32397.278051567744,1172.3848577805813,34710.0,28770.0,21581.84129705021,1537.3689057087608,24320.0,18090.0,-30,18
45.501,65.001,13001,55.251,5.629814639488594,65.001,45.501,12.123928159372356,0.01391316172896948,12.17,12.1,12.099716944850394,0.0077099254563355694,12.11,12.08,4.801674563495116,0.026954211998738,4.872,4.77,4179.552419044689,19.102513983607764,4225.0,4135.0,4999.680409199293,2.9621341088303454,5005.0,4994.0,0.15085938773940463,0.001326335516387679,0.1534,0.1465,0.1743355280363049,0.001209948492229511,0.1763,0.1696,367806.41489116225,5657.734290998882,374500.0,347900.0,232269.61067840934,2324996.0203647674,3770000.0,-3149000.0,4926691.331436044,524851.7867208613,5571000.0,3687000.0,-24643.32530425352,22837.949175592374,9699.0,-62150.0,16.62245442658257,0.0896068246232292,16.72,16.39,-0.014940948234751108,4.5099451083224125,6.238,-6.554,0.10636629730020758,4.432964488834448,6.262,-6.379,20.82697638643181,0.41237112128897646,21.86,20.29,-832.77677870933,315.581301137524,-253.4,-1363.0,32875.577263287436,690.7422703506388,33970.0,31460.0,15558.810860703023,1619.1673457463494,18470.0,12730.0,-20,18
45.501,65.001,13001,55.251,5.629814639488594,65.001,45.501,12.829986924082764,0.008411063122660219,12.85,12.81,12.099759249288516,0.007387861407393527,12.11,12.09,4.671103145911853,0.02589631200551703,4.737,4.64,4180.129374663487,20.912624806406626,4231.0,4130.0,4999.9442350588415,2.9629840781737418,5006.0,4995.0,0.13895551111452964,0.0011332936216941147,0.1414,0.136,0.16058883932005233,0.0011609919692738902,0.1623,0.1569,358018.998538574,5773.028983397899,364500.0,340900.0,215325.83754326592,2344433.1525686034,4065000.0,-3413000.0,4736603.645873395,681882.733127535,5468000.0,3237000.0,-25471.218881962926,19784.29993721517,6219.0,-62340.0,17.08724713483578,0.09068685552950566,17.19,16.86,-0.011856544419659982,3.4965315890110444,4.872,-5.147,0.08280167634105066,3.435085971749044,5.047,-5.021,16.001262210599183,0.4516166164351302,17.18,15.05,-708.3139335435735,319.882856954355,-21.03,-1429.0,33490.90839166218,713.2619635220142,34840.0,32040.0,13166.499500038459,2074.1834319937607,17010.0,9902.0,-15,18
42.0,60.0,12001,51.0,5.196801937249498,60.0,42.0,13.340625781184901,0.008460695318654635,13.36,13.32,12.099684192983919,0.00722670447835118,12.11,12.09,4.58144454628781,0.025455050817657792,4.645,4.551,4180.118573452212,21.233621668589674,4231.0,4117.0,4999.9274227147735,2.9594732806216997,5006.0,4993.0,0.1310259478376802,0.0010978645880126395,0.1335,0.1278,0.1512477460211649,0.0012320085744382519,0.1529,0.1471,350523.93133905507,6036.123527835164,357300.0,332500.0,170807.27356053665,2412958.30038174,4340000.0,-3983000.0,4661027.081076577,876491.5340054481,5662000.0,2817000.0,-25900.735239980004,18400.38606646443,4378.0,-63340.0,17.42193317223565,0.09345005368472419,17.53,17.19,0.17625211693192233,2.4801400540080594,3.535,-3.698,0.21509552568119328,2.461765291076378,3.73,-3.571,11.367531872343971,0.45991789974396874,12.44,10.27,-516.3408949204232,340.4750811881701,386.6,-1351.0,34174.02966419465,614.773300049125,35440.0,32690.0,10976.771269060911,2214.861718616868,14780.0,7662.0,-10,18
42.0,60.0,12001,51.0,5.196801937249498,60.0,42.0,13.65656945254562,0.007942839339635046,13.67,13.64,12.099769185901174,0.0069765120520345605,12.11,12.09,4.529073910507457,0.025200812555318527,4.591,4.501,4180.105574535455,21.114468256513096,4227.0,4124.0,4999.958753437214,2.809723932931069,5006.0,4994.0,0.12652698108490962,0.0011374629490195542,0.1291,0.1232,0.14551597366886093,0.0013401339437931839,0.1472,0.1411,345077.06024497957,6373.924318956734,351900.0,326400.0,175512.96941088242,2401310.7471668026,4010000.0,-3701000.0,4589957.670194151,1120611.0810809284,5919000.0,2393000.0,-25909.3103707691,17504.935303920418,3336.0,-57040.0,17.62335972002333,0.09544463320369673,17.73,17.39,0.06821983878843435,1.6073988875853624,2.28,-2.396,0.16323873942838088,1.5679857384021485,2.466,-2.234,7.275370219148404,0.35400421679648875,8.113,6.542,-286.4314504057995,261.84774297400423,396.9,-855.9,34943.963003083074,417.23791370287347,35730.0,33820.0,8784.135238730107,2020.9227217929329,12230.0,5553.0,-5,18
38.5005,55.0005,11001,46.750499999999995,4.7637892349473265,55.0005,38.5005,13.77260976274884,0.00784725610111148,13.79,13.76,12.100347241159893,0.007022519224021047,12.11,12.09,4.511674393236978,0.025140535317535764,4.572,4.484,4179.856740296336,21.072114754957376,4226.0,4131.0,5000.046177620216,2.7608717623397676,5006.0,4995.0,0.12502621579856377,0.001132103406925459,0.1274,0.1218,0.14286788473775114,0.0014252337504566234,0.1444,0.1382,341392.48250159074,6577.53040352931,347900.0,322200.0,419374.4347932006,2345696.9087202586,3679000.0,-3214000.0,4607217.616580311,1403527.738334758,6234000.0,1998000.0,-27492.49317898373,18488.62625792781,3640.0,-51460.0,17.690817198436505,0.09599675817729854,17.8,17.46,0.06407975957640215,1.1333967897682642,1.674,-1.614,0.11412131998909195,1.160102283928255,1.636,-1.608,5.25450859012817,0.06705960810979524,5.422,5.147,-21.466854967730214,205.99880545079998,329.1,-367.4,35746.37396600309,318.56357400395297,36350.0,34970.0,6562.366875738569,1960.5908679711292,9757.0,3525.0,0,18
42.0,60.0,12001,51.0,5.196801937249498,60.0,42.0,13.684280476626949,0.007099365673973803,13.7,13.67,12.0998900091659,0.006406083125299923,12.11,12.09,4.529120573285559,0.025944219861168568,4.592,4.499,4180.241729855846,20.699854552001483,4227.0,4132.0,4999.974002166487,2.593676423469488,5006.0,4995.0,0.12641861511540706,0.001082335491087766,0.129,0.1232,0.14315256228647613,0.0014709091210792604,0.1449,0.1382,339431.93900508294,6672.818043996047,346600.0,319800.0,198332.00472460626,2432711.3817885537,3951000.0,-3535000.0,4568704.857928506,1623855.3862286818,6579000.0,1630000.0,-25983.225534538786,21821.276150607857,12580.0,-55940.0,17.62262561453212,0.09840518570604367,17.74,17.39,-0.16334660787601032,1.5645458615270105,2.37,-2.219,0.07252191381551538,1.6152265418870966,2.389,-2.295,7.288117073577202,0.27758609182732646,7.942,6.53,240.42545417048575,248.69674847875922,832.8,-315.2,36487.07024414632,353.4440773521984,37370.0,35770.0,4263.6590284142985,1688.8832756376912,7002.0,1563.0,5,18
42.0,60.0,12001,51.0,5.196801937249498,60.0,42.0,13.388470960753269,0.007467943323647342,13.4,13.37,12.099927506041162,0.00614977594616138,12.11,12.09,4.581566202816432,0.02717425198581416,4.647,4.55,4180.12982251479,20.229182172713458,4225.0,4134.0,4999.8981751520705,2.419565560795029,5006.0,4995.0,0.13079298391800684,0.0011307950464863334,0.1339,0.1278,0.14655142071494043,0.0014864352849690125,0.1488,0.1415,339562.85309557535,6487.709918954482,347100.0,319900.0,201368.3151654029,2470144.8475699406,4194000.0,-3707000.0,4619452.545621199,1831208.2149777648,6890000.0,1384000.0,-25986.421904757935,25395.955612536323,19910.0,-63560.0,17.42057661861512,0.10081162705726056,17.54,17.18,-0.2795637765844514,2.422504239617884,3.718,-3.497,0.015906738788434314,2.5252086995433807,3.64,-3.67,11.384060494958753,0.4054273087415172,12.43,10.25,475.70794782101495,314.4090397468443,1243.0,-312.8,37179.34422131489,465.8799146974235,38160.0,36120.0,1675.7174416215319,1490.0826180546455,4256.0,-823.7,10,18
45.501,65.001,13001,55.251,5.629814639488594,65.001,45.501,12.892225213445117,0.006864202430182421,12.91,12.88,12.099806937927852,0.005938242515183769,12.11,12.09,4.671349434658873,0.028979039531708776,4.738,4.638,4180.350126913314,20.522719534683365,4223.0,4138.0,4999.974848088608,2.2240430150271373,5006.0,4995.0,0.13862855164987306,0.0013402744158614952,0.1421,0.1364,0.1535334205061149,0.0015342331782984221,0.1561,0.1488,342171.2637489424,6313.5773361651845,349400.0,323000.0,254058.24106914856,2432496.388447005,4175000.0,-3573000.0,4561663.487424044,2007493.0673078408,7130000.0,1227000.0,-28355.058498423197,29356.31596532929,24030.0,-70590.0,17.085238058610877,0.10406029620760926,17.21,16.84,-0.04457696174140447,3.48474416730422,5.13,-4.903,-0.0723615716329513,3.455721517588034,4.868,-5.084,16.022315975694177,0.3790350466819892,16.8,15.26,658.8626044227367,311.35921027972415,1336.0,-65.9,37756.22413660488,578.6492854960344,38940.0,36590.0,-1213.5576091292976,1364.9910215595698,1060.0,-3531.0,15,18
45.501,65.001,13001,55.251,5.629814639488594,65.001,45.501,12.191484501192216,0.02144142132019315,12.26,12.17,12.099156987924006,0.007186314919811396,12.13,12.08,4.802134605030382,0.03127076595110825,4.878,4.763,4179.161526036459,17.514896506695802,4216.0,4129.0,4999.479347742481,2.498441127350279,5005.0,4992.0,0.15034520421506037,0.0020202708021604876,0.1551,0.1451,0.16485844935005,0.0019018900384556257,0.1684,0.1583,347660.2415198831,6303.611290007443,356700.0,324500.0,278925.08131682174,2441519.83529988,3950000.0,-3444000.0,4700358.0493808165,2088948.7795443914,7324000.0,1156000.0,-28282.50367971694,32934.41069668945,28160.0,-76730.0,16.619809245442656,0.10655266914632745,16.75,16.38,-0.04131950662256752,4.503828911903707,6.518,-6.337,-0.09933964363510492,4.449304234315774,6.178,-6.451,20.85078147834782,0.3465462184937349,21.59,20.23,774.0057303284362,337.9426393525179,1389.0,148.3,38168.99700023075,818.5197484052883,39760.0,36470.0,-4350.658641642951,1511.9918054583488,-2017.0,-6571.0,20,18
49.0005,70.0005,14001,59.500499999999995,6.062827341678137,70.0005,49.0005,10.102321762731235,0.10507065835456765,10.35,9.968,12.102925505321048,0.033767240360664655,12.23,12.05,5.212408613670451,0.03738034177898391,5.334,5.159,4174.729733590458,28.357832518303695,4245.0,4092.0,4998.202271266338,5.137030602634444,5007.0,4985.0,0.19119486465252486,0.005864515938911769,0.2033,0.1769,0.20982257695878864,0.005752489358178241,0.221,0.1943,375613.30619241484,10550.925318447391,396800.0,340500.0,525370.5249703593,2478143.0624491367,4132000.0,-3479000.0,5395729.6621669885,1963409.2183490242,7580000.0,1532000.0,-25350.03930276409,37761.04774865925,39780.0,-86180.0,15.314331833440466,0.10410316802570553,15.47,15.04,-0.3438612211984858,6.435250675859463,9.372,-9.122,0.30681362306263843,6.405661601152397,9.011,-9.226,30.691762016998783,0.3596007936429231,31.66,29.91,700.1394542329119,502.82568965474,1612.0,-197.0,38874.780372830515,1442.0557040371855,41810.0,34720.0,-11678.562888365117,1682.339320301955,-7812.0,-14490.0,30,18
